﻿<XtraSerializer version="1.0" application="View">
  <property name="#LayoutVersion" />
  <property name="#LayoutScaleFactor">@1,Width=1@1,Height=1</property>
  <property name="OptionsCustomization" isnull="true" iskey="true">
    <property name="QuickCustomizationIcons">~Xtra#NULL</property>
    <property name="AllowRowSizing">true</property>
  </property>
  <property name="Appearance" isnull="true" iskey="true">
    <property name="HeaderPanel" iskey="true" value="HeaderPanel">
      <property name="Options" isnull="true" iskey="true">
        <property name="UseFont">true</property>
      </property>
      <property name="Font">Segoe UI Semibold, 9.75pt, style=Bold</property>
    </property>
    <property name="Row" iskey="true" value="Row">
      <property name="Options" isnull="true" iskey="true">
        <property name="UseFont">true</property>
      </property>
      <property name="Font">Segoe UI, 9.75pt</property>
    </property>
    <property name="FooterPanel" iskey="true" value="FooterPanel">
      <property name="Options" isnull="true" iskey="true">
        <property name="UseForeColor">true</property>
        <property name="UseFont">true</property>
      </property>
      <property name="ForeColor">227, 22, 91</property>
      <property name="Font">Segoe UI Semibold, 9pt, style=Bold</property>
    </property>
  </property>
  <property name="OptionsBehavior" isnull="true" iskey="true">
    <property name="AllowIncrementalSearch">true</property>
    <property name="Editable">false</property>
  </property>
  <property name="OptionsView" isnull="true" iskey="true">
    <property name="ColumnAutoWidth">false</property>
    <property name="ShowAutoFilterRow">true</property>
    <property name="ShowFooter">true</property>
    <property name="ShowGroupPanel">false</property>
  </property>
  <property name="OptionsMenu" isnull="true" iskey="true">
    <property name="ShowAddNewSummaryItem">True</property>
  </property>
  <property name="FixedLineWidth">2</property>
  <property name="IndicatorWidth">-1</property>
  <property name="ColumnPanelRowHeight">-1</property>
  <property name="RowSeparatorHeight">0</property>
  <property name="FooterPanelHeight">-1</property>
  <property name="HorzScrollVisibility">Auto</property>
  <property name="VertScrollVisibility">Auto</property>
  <property name="RowHeight">-1</property>
  <property name="GroupRowHeight">-1</property>
  <property name="GroupFormat">{0}: [#image]{1} {2}</property>
  <property name="ChildGridLevelName" />
  <property name="VertScrollTipFieldName" />
  <property name="PreviewFieldName" />
  <property name="GroupPanelText" />
  <property name="NewItemRowText" />
  <property name="LevelIndent">-1</property>
  <property name="PreviewIndent">-1</property>
  <property name="PreviewLineCount">-1</property>
  <property name="ScrollStyle">LiveVertScroll, LiveHorzScroll</property>
  <property name="FocusRectStyle">RowFocus</property>
  <property name="HorzScrollStep">0</property>
  <property name="ActiveFilterEnabled">true</property>
  <property name="ViewCaptionHeight">-1</property>
  <property name="Columns" iskey="true" value="53">
    <property name="Item1" isnull="true" iskey="true">
      <property name="Name">colDivisionName</property>
      <property name="ImageAlignment">Near</property>
      <property name="ImageIndex">-1</property>
      <property name="FieldName">DivisionName</property>
      <property name="ColumnEditName" />
      <property name="Width">75</property>
      <property name="MinWidth">20</property>
      <property name="MaxWidth">0</property>
    </property>
    <property name="Item2" isnull="true" iskey="true">
      <property name="Name">colTypeName</property>
      <property name="ImageAlignment">Near</property>
      <property name="ImageIndex">-1</property>
      <property name="FieldName">TypeName</property>
      <property name="ColumnEditName" />
      <property name="Width">75</property>
      <property name="MinWidth">20</property>
      <property name="MaxWidth">0</property>
    </property>
    <property name="Item3" isnull="true" iskey="true">
      <property name="Name">colChallanDate</property>
      <property name="ImageAlignment">Near</property>
      <property name="ImageIndex">-1</property>
      <property name="FieldName">ChallanDate</property>
      <property name="ColumnEditName" />
      <property name="VisibleIndex">0</property>
      <property name="Visible">true</property>
      <property name="Width">75</property>
      <property name="MinWidth">20</property>
      <property name="MaxWidth">0</property>
      <property name="Summary" iskey="true" value="1">
        <property name="Item1" isnull="true" iskey="true">
          <property name="Tag" isnull="true" />
          <property name="FieldName">ChallanDate</property>
          <property name="SummaryType">Count</property>
          <property name="Mode">AllRows</property>
          <property name="DisplayFormat">{0}</property>
        </property>
      </property>
    </property>
    <property name="Item4" isnull="true" iskey="true">
      <property name="Name">colChallanNo</property>
      <property name="ImageAlignment">Near</property>
      <property name="ImageIndex">-1</property>
      <property name="FieldName">ChallanNo</property>
      <property name="ColumnEditName" />
      <property name="VisibleIndex">1</property>
      <property name="Visible">true</property>
      <property name="Width">88</property>
      <property name="MinWidth">20</property>
      <property name="MaxWidth">0</property>
    </property>
    <property name="Item5" isnull="true" iskey="true">
      <property name="Name">colRefNo</property>
      <property name="ImageAlignment">Near</property>
      <property name="ImageIndex">-1</property>
      <property name="FieldName">RefNo</property>
      <property name="ColumnEditName" />
      <property name="VisibleIndex">2</property>
      <property name="Visible">true</property>
      <property name="Width">75</property>
      <property name="MinWidth">20</property>
      <property name="MaxWidth">0</property>
    </property>
    <property name="Item6" isnull="true" iskey="true">
      <property name="Name">colParty</property>
      <property name="ImageAlignment">Near</property>
      <property name="ImageIndex">-1</property>
      <property name="FieldName">Party</property>
      <property name="ColumnEditName" />
      <property name="VisibleIndex">3</property>
      <property name="Visible">true</property>
      <property name="Width">166</property>
      <property name="MinWidth">20</property>
      <property name="MaxWidth">0</property>
    </property>
    <property name="Item7" isnull="true" iskey="true">
      <property name="Name">colVoucherName</property>
      <property name="ImageAlignment">Near</property>
      <property name="ImageIndex">-1</property>
      <property name="FieldName">VoucherName</property>
      <property name="ColumnEditName" />
      <property name="Width">75</property>
      <property name="MinWidth">20</property>
      <property name="MaxWidth">0</property>
    </property>
    <property name="Item8" isnull="true" iskey="true">
      <property name="Name">colProduct</property>
      <property name="ImageAlignment">Near</property>
      <property name="ImageIndex">-1</property>
      <property name="FieldName">Product</property>
      <property name="ColumnEditName" />
      <property name="VisibleIndex">4</property>
      <property name="Visible">true</property>
      <property name="Width">144</property>
      <property name="MinWidth">20</property>
      <property name="MaxWidth">0</property>
    </property>
    <property name="Item9" isnull="true" iskey="true">
      <property name="Name">colDesign</property>
      <property name="ImageAlignment">Near</property>
      <property name="ImageIndex">-1</property>
      <property name="FieldName">Design</property>
      <property name="ColumnEditName" />
      <property name="Width">75</property>
      <property name="MinWidth">20</property>
      <property name="MaxWidth">0</property>
    </property>
    <property name="Item10" isnull="true" iskey="true">
      <property name="Name">colColor</property>
      <property name="ImageAlignment">Near</property>
      <property name="ImageIndex">-1</property>
      <property name="FieldName">Color</property>
      <property name="ColumnEditName" />
      <property name="Width">75</property>
      <property name="MinWidth">20</property>
      <property name="MaxWidth">0</property>
    </property>
    <property name="Item11" isnull="true" iskey="true">
      <property name="Name">colGrade</property>
      <property name="ImageAlignment">Near</property>
      <property name="ImageIndex">-1</property>
      <property name="FieldName">Grade</property>
      <property name="ColumnEditName" />
      <property name="Width">75</property>
      <property name="MinWidth">20</property>
      <property name="MaxWidth">0</property>
    </property>
    <property name="Item12" isnull="true" iskey="true">
      <property name="Name">colPcs</property>
      <property name="ImageAlignment">Near</property>
      <property name="ImageIndex">-1</property>
      <property name="FieldName">Pcs</property>
      <property name="ColumnEditName" />
      <property name="VisibleIndex">7</property>
      <property name="Visible">true</property>
      <property name="Width">89</property>
      <property name="MinWidth">20</property>
      <property name="MaxWidth">0</property>
      <property name="Summary" iskey="true" value="1">
        <property name="Item1" isnull="true" iskey="true">
          <property name="Tag" isnull="true" />
          <property name="FieldName">Pcs</property>
          <property name="SummaryType">Sum</property>
          <property name="Mode">AllRows</property>
          <property name="DisplayFormat">{0:0.##}</property>
        </property>
      </property>
    </property>
    <property name="Item13" isnull="true" iskey="true">
      <property name="Name">colCops</property>
      <property name="ImageAlignment">Near</property>
      <property name="ImageIndex">-1</property>
      <property name="FieldName">Cops</property>
      <property name="ColumnEditName" />
      <property name="Width">75</property>
      <property name="MinWidth">20</property>
      <property name="MaxWidth">0</property>
    </property>
    <property name="Item14" isnull="true" iskey="true">
      <property name="Name">colQty</property>
      <property name="ImageAlignment">Near</property>
      <property name="ImageIndex">-1</property>
      <property name="FieldName">Qty</property>
      <property name="ColumnEditName" />
      <property name="VisibleIndex">8</property>
      <property name="Visible">true</property>
      <property name="Width">117</property>
      <property name="MinWidth">20</property>
      <property name="MaxWidth">0</property>
      <property name="Summary" iskey="true" value="1">
        <property name="Item1" isnull="true" iskey="true">
          <property name="Tag" isnull="true" />
          <property name="FieldName">Qty</property>
          <property name="SummaryType">Sum</property>
          <property name="Mode">AllRows</property>
          <property name="DisplayFormat">{0:0.##}</property>
        </property>
      </property>
    </property>
    <property name="Item15" isnull="true" iskey="true">
      <property name="Name">colRate</property>
      <property name="ImageAlignment">Near</property>
      <property name="ImageIndex">-1</property>
      <property name="FieldName">Rate</property>
      <property name="ColumnEditName" />
      <property name="VisibleIndex">9</property>
      <property name="Visible">true</property>
      <property name="Width">75</property>
      <property name="MinWidth">20</property>
      <property name="MaxWidth">0</property>
    </property>
    <property name="Item16" isnull="true" iskey="true">
      <property name="Name">colSgstPer</property>
      <property name="ImageAlignment">Near</property>
      <property name="ImageIndex">-1</property>
      <property name="FieldName">SgstPer</property>
      <property name="ColumnEditName" />
      <property name="VisibleIndex">17</property>
      <property name="Visible">true</property>
      <property name="Width">75</property>
      <property name="MinWidth">20</property>
      <property name="MaxWidth">0</property>
    </property>
    <property name="Item17" isnull="true" iskey="true">
      <property name="Name">colGross</property>
      <property name="ImageAlignment">Near</property>
      <property name="ImageIndex">-1</property>
      <property name="FieldName">Gross</property>
      <property name="ColumnEditName" />
      <property name="VisibleIndex">10</property>
      <property name="Visible">true</property>
      <property name="Width">75</property>
      <property name="MinWidth">20</property>
      <property name="MaxWidth">0</property>
    </property>
    <property name="Item18" isnull="true" iskey="true">
      <property name="Name">colDiscPer</property>
      <property name="ImageAlignment">Near</property>
      <property name="ImageIndex">-1</property>
      <property name="FieldName">DiscPer</property>
      <property name="ColumnEditName" />
      <property name="VisibleIndex">11</property>
      <property name="Visible">true</property>
      <property name="Width">75</property>
      <property name="MinWidth">20</property>
      <property name="MaxWidth">0</property>
    </property>
    <property name="Item19" isnull="true" iskey="true">
      <property name="Name">colDiscAmt</property>
      <property name="ImageAlignment">Near</property>
      <property name="ImageIndex">-1</property>
      <property name="FieldName">DiscAmt</property>
      <property name="ColumnEditName" />
      <property name="VisibleIndex">12</property>
      <property name="Visible">true</property>
      <property name="Width">75</property>
      <property name="MinWidth">20</property>
      <property name="MaxWidth">0</property>
    </property>
    <property name="Item20" isnull="true" iskey="true">
      <property name="Name">colOtherAdd</property>
      <property name="ImageAlignment">Near</property>
      <property name="ImageIndex">-1</property>
      <property name="FieldName">OtherAdd</property>
      <property name="ColumnEditName" />
      <property name="VisibleIndex">13</property>
      <property name="Visible">true</property>
      <property name="Width">75</property>
      <property name="MinWidth">20</property>
      <property name="MaxWidth">0</property>
    </property>
    <property name="Item21" isnull="true" iskey="true">
      <property name="Name">colOtherLess</property>
      <property name="ImageAlignment">Near</property>
      <property name="ImageIndex">-1</property>
      <property name="FieldName">OtherLess</property>
      <property name="ColumnEditName" />
      <property name="VisibleIndex">14</property>
      <property name="Visible">true</property>
      <property name="Width">75</property>
      <property name="MinWidth">20</property>
      <property name="MaxWidth">0</property>
    </property>
    <property name="Item22" isnull="true" iskey="true">
      <property name="Name">colCgstPer</property>
      <property name="ImageAlignment">Near</property>
      <property name="ImageIndex">-1</property>
      <property name="FieldName">CgstPer</property>
      <property name="ColumnEditName" />
      <property name="VisibleIndex">15</property>
      <property name="Visible">true</property>
      <property name="Width">75</property>
      <property name="MinWidth">20</property>
      <property name="MaxWidth">0</property>
    </property>
    <property name="Item23" isnull="true" iskey="true">
      <property name="Name">colCgstAmt</property>
      <property name="ImageAlignment">Near</property>
      <property name="ImageIndex">-1</property>
      <property name="FieldName">CgstAmt</property>
      <property name="ColumnEditName" />
      <property name="VisibleIndex">16</property>
      <property name="Visible">true</property>
      <property name="Width">75</property>
      <property name="MinWidth">20</property>
      <property name="MaxWidth">0</property>
    </property>
    <property name="Item24" isnull="true" iskey="true">
      <property name="Name">colSgstPer1</property>
      <property name="ImageAlignment">Near</property>
      <property name="ImageIndex">-1</property>
      <property name="FieldName">SgstPer1</property>
      <property name="ColumnEditName" />
      <property name="Width">75</property>
      <property name="MinWidth">20</property>
      <property name="MaxWidth">0</property>
    </property>
    <property name="Item25" isnull="true" iskey="true">
      <property name="Name">colSgstAmt</property>
      <property name="ImageAlignment">Near</property>
      <property name="ImageIndex">-1</property>
      <property name="FieldName">SgstAmt</property>
      <property name="ColumnEditName" />
      <property name="VisibleIndex">18</property>
      <property name="Visible">true</property>
      <property name="Width">75</property>
      <property name="MinWidth">20</property>
      <property name="MaxWidth">0</property>
    </property>
    <property name="Item26" isnull="true" iskey="true">
      <property name="Name">colIgstPer</property>
      <property name="ImageAlignment">Near</property>
      <property name="ImageIndex">-1</property>
      <property name="FieldName">IgstPer</property>
      <property name="ColumnEditName" />
      <property name="VisibleIndex">19</property>
      <property name="Visible">true</property>
      <property name="Width">75</property>
      <property name="MinWidth">20</property>
      <property name="MaxWidth">0</property>
    </property>
    <property name="Item27" isnull="true" iskey="true">
      <property name="Name">colIgstAmt</property>
      <property name="ImageAlignment">Near</property>
      <property name="ImageIndex">-1</property>
      <property name="FieldName">IgstAmt</property>
      <property name="ColumnEditName" />
      <property name="VisibleIndex">20</property>
      <property name="Visible">true</property>
      <property name="Width">75</property>
      <property name="MinWidth">20</property>
      <property name="MaxWidth">0</property>
    </property>
    <property name="Item28" isnull="true" iskey="true">
      <property name="Name">colCessPer</property>
      <property name="ImageAlignment">Near</property>
      <property name="ImageIndex">-1</property>
      <property name="FieldName">CessPer</property>
      <property name="ColumnEditName" />
      <property name="VisibleIndex">21</property>
      <property name="Visible">true</property>
      <property name="Width">75</property>
      <property name="MinWidth">20</property>
      <property name="MaxWidth">0</property>
    </property>
    <property name="Item29" isnull="true" iskey="true">
      <property name="Name">colCess</property>
      <property name="ImageAlignment">Near</property>
      <property name="ImageIndex">-1</property>
      <property name="FieldName">Cess</property>
      <property name="ColumnEditName" />
      <property name="VisibleIndex">22</property>
      <property name="Visible">true</property>
      <property name="Width">75</property>
      <property name="MinWidth">20</property>
      <property name="MaxWidth">0</property>
    </property>
    <property name="Item30" isnull="true" iskey="true">
      <property name="Name">colTotal</property>
      <property name="ImageAlignment">Near</property>
      <property name="ImageIndex">-1</property>
      <property name="FieldName">Total</property>
      <property name="ColumnEditName" />
      <property name="VisibleIndex">23</property>
      <property name="Visible">true</property>
      <property name="Width">75</property>
      <property name="MinWidth">20</property>
      <property name="MaxWidth">0</property>
    </property>
    <property name="Item31" isnull="true" iskey="true">
      <property name="Name">colPrintName</property>
      <property name="ImageAlignment">Near</property>
      <property name="ImageIndex">-1</property>
      <property name="FieldName">PrintName</property>
      <property name="ColumnEditName" />
      <property name="Width">75</property>
      <property name="MinWidth">20</property>
      <property name="MaxWidth">0</property>
    </property>
    <property name="Item32" isnull="true" iskey="true">
      <property name="Name">colBillNo</property>
      <property name="ImageAlignment">Near</property>
      <property name="ImageIndex">-1</property>
      <property name="FieldName">BillNo</property>
      <property name="ColumnEditName" />
      <property name="Width">75</property>
      <property name="MinWidth">20</property>
      <property name="MaxWidth">0</property>
    </property>
    <property name="Item33" isnull="true" iskey="true">
      <property name="Name">colDriver</property>
      <property name="ImageAlignment">Near</property>
      <property name="ImageIndex">-1</property>
      <property name="FieldName">Driver</property>
      <property name="ColumnEditName" />
      <property name="Width">75</property>
      <property name="MinWidth">20</property>
      <property name="MaxWidth">0</property>
    </property>
    <property name="Item34" isnull="true" iskey="true">
      <property name="Name">colLrDate</property>
      <property name="ImageAlignment">Near</property>
      <property name="ImageIndex">-1</property>
      <property name="FieldName">LrDate</property>
      <property name="ColumnEditName" />
      <property name="VisibleIndex">24</property>
      <property name="Visible">true</property>
      <property name="Width">75</property>
      <property name="MinWidth">20</property>
      <property name="MaxWidth">0</property>
    </property>
    <property name="Item35" isnull="true" iskey="true">
      <property name="Name">colLrNo</property>
      <property name="ImageAlignment">Near</property>
      <property name="ImageIndex">-1</property>
      <property name="FieldName">LrNo</property>
      <property name="ColumnEditName" />
      <property name="VisibleIndex">25</property>
      <property name="Visible">true</property>
      <property name="Width">75</property>
      <property name="MinWidth">20</property>
      <property name="MaxWidth">0</property>
    </property>
    <property name="Item36" isnull="true" iskey="true">
      <property name="Name">colTransport</property>
      <property name="ImageAlignment">Near</property>
      <property name="ImageIndex">-1</property>
      <property name="FieldName">Transport</property>
      <property name="ColumnEditName" />
      <property name="Width">75</property>
      <property name="MinWidth">20</property>
      <property name="MaxWidth">0</property>
    </property>
    <property name="Item37" isnull="true" iskey="true">
      <property name="Name">colOrderNo</property>
      <property name="ImageAlignment">Near</property>
      <property name="ImageIndex">-1</property>
      <property name="FieldName">OrderNo</property>
      <property name="ColumnEditName" />
      <property name="Width">75</property>
      <property name="MinWidth">20</property>
      <property name="MaxWidth">0</property>
    </property>
    <property name="Item38" isnull="true" iskey="true">
      <property name="Name">colOrderDate</property>
      <property name="ImageAlignment">Near</property>
      <property name="ImageIndex">-1</property>
      <property name="FieldName">OrderDate</property>
      <property name="ColumnEditName" />
      <property name="Width">75</property>
      <property name="MinWidth">20</property>
      <property name="MaxWidth">0</property>
    </property>
    <property name="Item39" isnull="true" iskey="true">
      <property name="Name">colIssuePcs</property>
      <property name="ImageAlignment">Near</property>
      <property name="ImageIndex">-1</property>
      <property name="FieldName">IssuePcs</property>
      <property name="ColumnEditName" />
      <property name="VisibleIndex">5</property>
      <property name="Visible">true</property>
      <property name="Width">75</property>
      <property name="MinWidth">20</property>
      <property name="MaxWidth">0</property>
      <property name="Summary" iskey="true" value="1">
        <property name="Item1" isnull="true" iskey="true">
          <property name="Tag" isnull="true" />
          <property name="FieldName">IssuePcs</property>
          <property name="SummaryType">Sum</property>
          <property name="Mode">AllRows</property>
          <property name="DisplayFormat">{0:0.##}</property>
        </property>
      </property>
    </property>
    <property name="Item40" isnull="true" iskey="true">
      <property name="Name">colIssueQty</property>
      <property name="ImageAlignment">Near</property>
      <property name="ImageIndex">-1</property>
      <property name="FieldName">IssueQty</property>
      <property name="ColumnEditName" />
      <property name="VisibleIndex">6</property>
      <property name="Visible">true</property>
      <property name="Width">114</property>
      <property name="MinWidth">20</property>
      <property name="MaxWidth">0</property>
      <property name="Summary" iskey="true" value="1">
        <property name="Item1" isnull="true" iskey="true">
          <property name="Tag" isnull="true" />
          <property name="FieldName">IssueQty</property>
          <property name="SummaryType">Sum</property>
          <property name="Mode">AllRows</property>
          <property name="DisplayFormat">{0:0.##}</property>
        </property>
      </property>
    </property>
    <property name="Item41" isnull="true" iskey="true">
      <property name="Name">colLotNo</property>
      <property name="ImageAlignment">Near</property>
      <property name="ImageIndex">-1</property>
      <property name="FieldName">LotNo</property>
      <property name="ColumnEditName" />
      <property name="VisibleIndex">26</property>
      <property name="Visible">true</property>
      <property name="Width">75</property>
      <property name="MinWidth">20</property>
      <property name="MaxWidth">0</property>
    </property>
    <property name="Item42" isnull="true" iskey="true">
      <property name="Name">colRemark</property>
      <property name="ImageAlignment">Near</property>
      <property name="ImageIndex">-1</property>
      <property name="FieldName">Remark</property>
      <property name="ColumnEditName" />
      <property name="VisibleIndex">27</property>
      <property name="Visible">true</property>
      <property name="Width">75</property>
      <property name="MinWidth">20</property>
      <property name="MaxWidth">0</property>
    </property>
    <property name="Item43" isnull="true" iskey="true">
      <property name="Name">colWeight</property>
      <property name="ImageAlignment">Near</property>
      <property name="ImageIndex">-1</property>
      <property name="FieldName">Weight</property>
      <property name="ColumnEditName" />
      <property name="VisibleIndex">28</property>
      <property name="Visible">true</property>
      <property name="Width">75</property>
      <property name="MinWidth">20</property>
      <property name="MaxWidth">0</property>
    </property>
    <property name="Item44" isnull="true" iskey="true">
      <property name="Name">colId</property>
      <property name="ImageAlignment">Near</property>
      <property name="ImageIndex">-1</property>
      <property name="FieldName">Id</property>
      <property name="ColumnEditName" />
      <property name="Width">75</property>
      <property name="MinWidth">20</property>
      <property name="MaxWidth">0</property>
    </property>
    <property name="Item45" isnull="true" iskey="true">
      <property name="Name">colTransId</property>
      <property name="ImageAlignment">Near</property>
      <property name="ImageIndex">-1</property>
      <property name="FieldName">TransId</property>
      <property name="ColumnEditName" />
      <property name="Width">75</property>
      <property name="MinWidth">20</property>
      <property name="MaxWidth">0</property>
    </property>
    <property name="Item46" isnull="true" iskey="true">
      <property name="Name">colVoucherId</property>
      <property name="ImageAlignment">Near</property>
      <property name="ImageIndex">-1</property>
      <property name="FieldName">VoucherId</property>
      <property name="ColumnEditName" />
      <property name="Width">75</property>
      <property name="MinWidth">20</property>
      <property name="MaxWidth">0</property>
    </property>
    <property name="Item47" isnull="true" iskey="true">
      <property name="Name">colIsDeleted</property>
      <property name="ImageAlignment">Near</property>
      <property name="ImageIndex">-1</property>
      <property name="FieldName">IsDeleted</property>
      <property name="ColumnEditName" />
      <property name="Width">75</property>
      <property name="MinWidth">20</property>
      <property name="MaxWidth">0</property>
    </property>
    <property name="Item48" isnull="true" iskey="true">
      <property name="Name">colProcessName</property>
      <property name="ImageAlignment">Near</property>
      <property name="ImageIndex">-1</property>
      <property name="FieldName">ProcessName</property>
      <property name="ColumnEditName" />
      <property name="VisibleIndex">29</property>
      <property name="Visible">true</property>
      <property name="Width">108</property>
      <property name="MinWidth">20</property>
      <property name="MaxWidth">0</property>
    </property>
    <property name="Item49" isnull="true" iskey="true">
      <property name="Name">colFromBranch</property>
      <property name="ImageAlignment">Near</property>
      <property name="ImageIndex">-1</property>
      <property name="FieldName">FromBranch</property>
      <property name="ColumnEditName" />
      <property name="Width">75</property>
      <property name="MinWidth">20</property>
      <property name="MaxWidth">0</property>
    </property>
    <property name="Item50" isnull="true" iskey="true">
      <property name="Name">colToBranch</property>
      <property name="ImageAlignment">Near</property>
      <property name="ImageIndex">-1</property>
      <property name="FieldName">ToBranch</property>
      <property name="ColumnEditName" />
      <property name="Width">75</property>
      <property name="MinWidth">20</property>
      <property name="MaxWidth">0</property>
    </property>
    <property name="Item51" isnull="true" iskey="true">
      <property name="Name">colExtra2</property>
      <property name="ImageAlignment">Near</property>
      <property name="ImageIndex">-1</property>
      <property name="FieldName">Extra2</property>
      <property name="ColumnEditName" />
      <property name="Width">75</property>
      <property name="MinWidth">20</property>
      <property name="MaxWidth">0</property>
    </property>
    <property name="Item52" isnull="true" iskey="true">
      <property name="Name">colExtra1</property>
      <property name="ImageAlignment">Near</property>
      <property name="ImageIndex">-1</property>
      <property name="FieldName">Extra1</property>
      <property name="ColumnEditName" />
      <property name="Width">75</property>
      <property name="MinWidth">20</property>
      <property name="MaxWidth">0</property>
    </property>
    <property name="Item53" isnull="true" iskey="true">
      <property name="Name">colBarcode</property>
      <property name="ImageAlignment">Near</property>
      <property name="ImageIndex">-1</property>
      <property name="FieldName">Barcode</property>
      <property name="ColumnEditName" />
      <property name="Width">75</property>
      <property name="MinWidth">20</property>
      <property name="MaxWidth">0</property>
    </property>
  </property>
  <property name="ViewCaption" />
  <property name="BorderStyle">Default</property>
  <property name="SynchronizeClones">true</property>
  <property name="DetailTabHeaderLocation">Top</property>
  <property name="Name">customGridView1</property>
  <property name="DetailHeight">350</property>
  <property name="Tag" isnull="true" />
  <property name="GroupSummary" iskey="true" value="0" />
  <property name="ActiveFilterString" />
  <property name="FormatConditions" iskey="true" value="0" />
  <property name="GroupSummarySortInfoState" />
  <property name="FindFilterText" />
  <property name="FindPanelVisible">false</property>
</XtraSerializer>