﻿<XtraSerializer version="1.0" application="View">
  <property name="#LayoutVersion" />
  <property name="#LayoutScaleFactor">@1,Width=1@1,Height=1</property>
  <property name="OptionsCustomization" isnull="true" iskey="true">
    <property name="QuickCustomizationIcons">~Xtra#NULL</property>
    <property name="AllowRowSizing">true</property>
  </property>
  <property name="Appearance" isnull="true" iskey="true">
    <property name="HeaderPanel" iskey="true" value="HeaderPanel">
      <property name="Options" isnull="true" iskey="true">
        <property name="UseFont">true</property>
      </property>
      <property name="Font">Segoe UI Semibold, 9.75pt, style=Bold</property>
    </property>
    <property name="Row" iskey="true" value="Row">
      <property name="Options" isnull="true" iskey="true">
        <property name="UseFont">true</property>
      </property>
      <property name="Font">Segoe UI, 9.75pt</property>
    </property>
    <property name="FooterPanel" iskey="true" value="FooterPanel">
      <property name="Options" isnull="true" iskey="true">
        <property name="UseForeColor">true</property>
        <property name="UseFont">true</property>
      </property>
      <property name="ForeColor">227, 22, 91</property>
      <property name="Font">Segoe UI Semibold, 9pt, style=Bold</property>
    </property>
  </property>
  <property name="OptionsBehavior" isnull="true" iskey="true">
    <property name="AllowIncrementalSearch">true</property>
    <property name="Editable">false</property>
  </property>
  <property name="OptionsView" isnull="true" iskey="true">
    <property name="ColumnAutoWidth">false</property>
    <property name="ShowAutoFilterRow">true</property>
    <property name="ShowFooter">true</property>
    <property name="ShowGroupPanel">false</property>
  </property>
  <property name="OptionsMenu" isnull="true" iskey="true">
    <property name="ShowAddNewSummaryItem">True</property>
  </property>
  <property name="FixedLineWidth">2</property>
  <property name="IndicatorWidth">-1</property>
  <property name="ColumnPanelRowHeight">-1</property>
  <property name="RowSeparatorHeight">0</property>
  <property name="FooterPanelHeight">-1</property>
  <property name="HorzScrollVisibility">Auto</property>
  <property name="VertScrollVisibility">Auto</property>
  <property name="RowHeight">-1</property>
  <property name="GroupRowHeight">-1</property>
  <property name="GroupFormat">{0}: [#image]{1} {2}</property>
  <property name="ChildGridLevelName" />
  <property name="VertScrollTipFieldName" />
  <property name="PreviewFieldName" />
  <property name="GroupPanelText" />
  <property name="NewItemRowText" />
  <property name="LevelIndent">-1</property>
  <property name="PreviewIndent">-1</property>
  <property name="PreviewLineCount">-1</property>
  <property name="ScrollStyle">LiveVertScroll, LiveHorzScroll</property>
  <property name="FocusRectStyle">RowFocus</property>
  <property name="HorzScrollStep">0</property>
  <property name="ActiveFilterEnabled">true</property>
  <property name="ViewCaptionHeight">-1</property>
  <property name="Columns" iskey="true" value="30">
    <property name="Item1" isnull="true" iskey="true">
      <property name="Name">colDivisionName</property>
      <property name="ImageAlignment">Near</property>
      <property name="ImageIndex">-1</property>
      <property name="FieldName">DivisionName</property>
      <property name="ColumnEditName" />
      <property name="Width">75</property>
      <property name="MinWidth">20</property>
      <property name="MaxWidth">0</property>
      <property name="Summary" iskey="true" value="1">
        <property name="Item1" isnull="true" iskey="true">
          <property name="Tag" isnull="true" />
          <property name="FieldName">DivisionName</property>
          <property name="SummaryType">Min</property>
          <property name="Mode">AllRows</property>
          <property name="DisplayFormat">MIN={0}</property>
        </property>
      </property>
    </property>
    <property name="Item2" isnull="true" iskey="true">
      <property name="Name">colChallanType</property>
      <property name="ImageAlignment">Near</property>
      <property name="ImageIndex">-1</property>
      <property name="FieldName">ChallanType</property>
      <property name="ColumnEditName" />
      <property name="Width">85</property>
      <property name="MinWidth">20</property>
      <property name="MaxWidth">0</property>
    </property>
    <property name="Item3" isnull="true" iskey="true">
      <property name="Name">colVoucherNo</property>
      <property name="ImageAlignment">Near</property>
      <property name="ImageIndex">-1</property>
      <property name="FieldName">VoucherNo</property>
      <property name="ColumnEditName" />
      <property name="VisibleIndex">0</property>
      <property name="Visible">true</property>
      <property name="Width">87</property>
      <property name="MinWidth">20</property>
      <property name="MaxWidth">0</property>
      <property name="Summary" iskey="true" value="1">
        <property name="Item1" isnull="true" iskey="true">
          <property name="Tag" isnull="true" />
          <property name="FieldName">VoucherNo</property>
          <property name="SummaryType">Count</property>
          <property name="Mode">AllRows</property>
          <property name="DisplayFormat">{0}</property>
        </property>
      </property>
    </property>
    <property name="Item4" isnull="true" iskey="true">
      <property name="Name">colVoucherName</property>
      <property name="ImageAlignment">Near</property>
      <property name="ImageIndex">-1</property>
      <property name="FieldName">VoucherName</property>
      <property name="ColumnEditName" />
      <property name="Width">62</property>
      <property name="MinWidth">20</property>
      <property name="MaxWidth">0</property>
    </property>
    <property name="Item5" isnull="true" iskey="true">
      <property name="Name">colChallanDate</property>
      <property name="ImageAlignment">Near</property>
      <property name="ImageIndex">-1</property>
      <property name="FieldName">ChallanDate</property>
      <property name="ColumnEditName" />
      <property name="VisibleIndex">1</property>
      <property name="Visible">true</property>
      <property name="Width">97</property>
      <property name="MinWidth">20</property>
      <property name="MaxWidth">0</property>
    </property>
    <property name="Item6" isnull="true" iskey="true">
      <property name="Name">colChallanNo</property>
      <property name="ImageAlignment">Near</property>
      <property name="ImageIndex">-1</property>
      <property name="FieldName">ChallanNo</property>
      <property name="ColumnEditName" />
      <property name="VisibleIndex">2</property>
      <property name="Visible">true</property>
      <property name="Width">75</property>
      <property name="MinWidth">20</property>
      <property name="MaxWidth">0</property>
    </property>
    <property name="Item7" isnull="true" iskey="true">
      <property name="Name">colParty</property>
      <property name="ImageAlignment">Near</property>
      <property name="ImageIndex">-1</property>
      <property name="FieldName">Party</property>
      <property name="ColumnEditName" />
      <property name="VisibleIndex">3</property>
      <property name="Visible">true</property>
      <property name="Width">157</property>
      <property name="MinWidth">20</property>
      <property name="MaxWidth">0</property>
    </property>
    <property name="Item8" isnull="true" iskey="true">
      <property name="Name">colDelParty</property>
      <property name="ImageAlignment">Near</property>
      <property name="ImageIndex">-1</property>
      <property name="FieldName">DelParty</property>
      <property name="ColumnEditName" />
      <property name="Width">75</property>
      <property name="MinWidth">20</property>
      <property name="MaxWidth">0</property>
    </property>
    <property name="Item9" isnull="true" iskey="true">
      <property name="Name">colTotalPcs</property>
      <property name="ImageAlignment">Near</property>
      <property name="ImageIndex">-1</property>
      <property name="FieldName">TotalPcs</property>
      <property name="ColumnEditName" />
      <property name="VisibleIndex">5</property>
      <property name="Visible">true</property>
      <property name="Width">85</property>
      <property name="MinWidth">20</property>
      <property name="MaxWidth">0</property>
      <property name="Summary" iskey="true" value="1">
        <property name="Item1" isnull="true" iskey="true">
          <property name="Tag" isnull="true" />
          <property name="FieldName">TotalPcs</property>
          <property name="SummaryType">Sum</property>
          <property name="Mode">AllRows</property>
          <property name="DisplayFormat">{0:0.##}</property>
        </property>
      </property>
    </property>
    <property name="Item10" isnull="true" iskey="true">
      <property name="Name">colTotalQty</property>
      <property name="ImageAlignment">Near</property>
      <property name="ImageIndex">-1</property>
      <property name="FieldName">TotalQty</property>
      <property name="ColumnEditName" />
      <property name="VisibleIndex">6</property>
      <property name="Visible">true</property>
      <property name="Width">119</property>
      <property name="MinWidth">20</property>
      <property name="MaxWidth">0</property>
      <property name="Summary" iskey="true" value="1">
        <property name="Item1" isnull="true" iskey="true">
          <property name="Tag" isnull="true" />
          <property name="FieldName">TotalQty</property>
          <property name="SummaryType">Sum</property>
          <property name="Mode">AllRows</property>
          <property name="DisplayFormat">{0:0.##}</property>
        </property>
      </property>
    </property>
    <property name="Item11" isnull="true" iskey="true">
      <property name="Name">colDriverName</property>
      <property name="ImageAlignment">Near</property>
      <property name="ImageIndex">-1</property>
      <property name="FieldName">DriverName</property>
      <property name="ColumnEditName" />
      <property name="Width">75</property>
      <property name="MinWidth">20</property>
      <property name="MaxWidth">0</property>
    </property>
    <property name="Item12" isnull="true" iskey="true">
      <property name="Name">colLr_Date</property>
      <property name="ImageAlignment">Near</property>
      <property name="ImageIndex">-1</property>
      <property name="FieldName">Lr_Date</property>
      <property name="ColumnEditName" />
      <property name="Width">75</property>
      <property name="MinWidth">20</property>
      <property name="MaxWidth">0</property>
    </property>
    <property name="Item13" isnull="true" iskey="true">
      <property name="Name">colLr_No</property>
      <property name="ImageAlignment">Near</property>
      <property name="ImageIndex">-1</property>
      <property name="FieldName">Lr_No</property>
      <property name="ColumnEditName" />
      <property name="Width">75</property>
      <property name="MinWidth">20</property>
      <property name="MaxWidth">0</property>
    </property>
    <property name="Item14" isnull="true" iskey="true">
      <property name="Name">colAgent</property>
      <property name="ImageAlignment">Near</property>
      <property name="ImageIndex">-1</property>
      <property name="FieldName">Agent</property>
      <property name="ColumnEditName" />
      <property name="VisibleIndex">7</property>
      <property name="Visible">true</property>
      <property name="Width">75</property>
      <property name="MinWidth">20</property>
      <property name="MaxWidth">0</property>
    </property>
    <property name="Item15" isnull="true" iskey="true">
      <property name="Name">colBillNo</property>
      <property name="ImageAlignment">Near</property>
      <property name="ImageIndex">-1</property>
      <property name="FieldName">BillNo</property>
      <property name="ColumnEditName" />
      <property name="Width">75</property>
      <property name="MinWidth">20</property>
      <property name="MaxWidth">0</property>
    </property>
    <property name="Item16" isnull="true" iskey="true">
      <property name="Name">colTransport</property>
      <property name="ImageAlignment">Near</property>
      <property name="ImageIndex">-1</property>
      <property name="FieldName">Transport</property>
      <property name="ColumnEditName" />
      <property name="Width">75</property>
      <property name="MinWidth">20</property>
      <property name="MaxWidth">0</property>
    </property>
    <property name="Item17" isnull="true" iskey="true">
      <property name="Name">colTotalAmount</property>
      <property name="ImageAlignment">Near</property>
      <property name="ImageIndex">-1</property>
      <property name="FieldName">TotalAmount</property>
      <property name="ColumnEditName" />
      <property name="Width">75</property>
      <property name="MinWidth">20</property>
      <property name="MaxWidth">0</property>
    </property>
    <property name="Item18" isnull="true" iskey="true">
      <property name="Name">colRemark</property>
      <property name="ImageAlignment">Near</property>
      <property name="ImageIndex">-1</property>
      <property name="FieldName">Remark</property>
      <property name="ColumnEditName" />
      <property name="VisibleIndex">8</property>
      <property name="Visible">true</property>
      <property name="Width">75</property>
      <property name="MinWidth">20</property>
      <property name="MaxWidth">0</property>
    </property>
    <property name="Item19" isnull="true" iskey="true">
      <property name="Name">colCreateUser</property>
      <property name="ImageAlignment">Near</property>
      <property name="ImageIndex">-1</property>
      <property name="FieldName">CreateUser</property>
      <property name="ColumnEditName" />
      <property name="VisibleIndex">9</property>
      <property name="Visible">true</property>
      <property name="Width">98</property>
      <property name="MinWidth">20</property>
      <property name="MaxWidth">0</property>
    </property>
    <property name="Item20" isnull="true" iskey="true">
      <property name="Name">colCreateDate</property>
      <property name="ImageAlignment">Near</property>
      <property name="ImageIndex">-1</property>
      <property name="FieldName">CreateDate</property>
      <property name="ColumnEditName" />
      <property name="VisibleIndex">10</property>
      <property name="Visible">true</property>
      <property name="Width">75</property>
      <property name="MinWidth">20</property>
      <property name="MaxWidth">0</property>
    </property>
    <property name="Item21" isnull="true" iskey="true">
      <property name="Name">colModifyUser</property>
      <property name="ImageAlignment">Near</property>
      <property name="ImageIndex">-1</property>
      <property name="FieldName">ModifyUser</property>
      <property name="ColumnEditName" />
      <property name="VisibleIndex">11</property>
      <property name="Visible">true</property>
      <property name="Width">75</property>
      <property name="MinWidth">20</property>
      <property name="MaxWidth">0</property>
    </property>
    <property name="Item22" isnull="true" iskey="true">
      <property name="Name">colModifyDate</property>
      <property name="ImageAlignment">Near</property>
      <property name="ImageIndex">-1</property>
      <property name="FieldName">ModifyDate</property>
      <property name="ColumnEditName" />
      <property name="VisibleIndex">12</property>
      <property name="Visible">true</property>
      <property name="Width">75</property>
      <property name="MinWidth">20</property>
      <property name="MaxWidth">0</property>
    </property>
    <property name="Item23" isnull="true" iskey="true">
      <property name="Name">colVoucherId</property>
      <property name="ImageAlignment">Near</property>
      <property name="ImageIndex">-1</property>
      <property name="FieldName">VoucherId</property>
      <property name="ColumnEditName" />
      <property name="Width">75</property>
      <property name="MinWidth">20</property>
      <property name="MaxWidth">0</property>
    </property>
    <property name="Item24" isnull="true" iskey="true">
      <property name="Name">colId</property>
      <property name="ImageAlignment">Near</property>
      <property name="ImageIndex">-1</property>
      <property name="FieldName">Id</property>
      <property name="ColumnEditName" />
      <property name="Width">75</property>
      <property name="MinWidth">20</property>
      <property name="MaxWidth">0</property>
    </property>
    <property name="Item25" isnull="true" iskey="true">
      <property name="Name">colIsDeleted</property>
      <property name="ImageAlignment">Near</property>
      <property name="ImageIndex">-1</property>
      <property name="FieldName">IsDeleted</property>
      <property name="ColumnEditName" />
      <property name="Width">75</property>
      <property name="MinWidth">20</property>
      <property name="MaxWidth">0</property>
    </property>
    <property name="Item26" isnull="true" iskey="true">
      <property name="Name">colProcessName</property>
      <property name="ImageAlignment">Near</property>
      <property name="ImageIndex">-1</property>
      <property name="FieldName">ProcessName</property>
      <property name="ColumnEditName" />
      <property name="VisibleIndex">4</property>
      <property name="Visible">true</property>
      <property name="Width">153</property>
      <property name="MinWidth">20</property>
      <property name="MaxWidth">0</property>
    </property>
    <property name="Item27" isnull="true" iskey="true">
      <property name="Name">colFromBranch</property>
      <property name="ImageAlignment">Near</property>
      <property name="ImageIndex">-1</property>
      <property name="FieldName">FromBranch</property>
      <property name="ColumnEditName" />
      <property name="Width">75</property>
      <property name="MinWidth">20</property>
      <property name="MaxWidth">0</property>
    </property>
    <property name="Item28" isnull="true" iskey="true">
      <property name="Name">colToBranch</property>
      <property name="ImageAlignment">Near</property>
      <property name="ImageIndex">-1</property>
      <property name="FieldName">ToBranch</property>
      <property name="ColumnEditName" />
      <property name="Width">75</property>
      <property name="MinWidth">20</property>
      <property name="MaxWidth">0</property>
    </property>
    <property name="Item29" isnull="true" iskey="true">
      <property name="Name">colExtra2</property>
      <property name="ImageAlignment">Near</property>
      <property name="ImageIndex">-1</property>
      <property name="FieldName">Extra2</property>
      <property name="ColumnEditName" />
      <property name="Width">75</property>
      <property name="MinWidth">20</property>
      <property name="MaxWidth">0</property>
    </property>
    <property name="Item30" isnull="true" iskey="true">
      <property name="Name">colExtra1</property>
      <property name="ImageAlignment">Near</property>
      <property name="ImageIndex">-1</property>
      <property name="FieldName">Extra1</property>
      <property name="ColumnEditName" />
      <property name="Width">75</property>
      <property name="MinWidth">20</property>
      <property name="MaxWidth">0</property>
    </property>
  </property>
  <property name="ViewCaption" />
  <property name="BorderStyle">Default</property>
  <property name="SynchronizeClones">true</property>
  <property name="DetailTabHeaderLocation">Top</property>
  <property name="Name">customGridView1</property>
  <property name="DetailHeight">350</property>
  <property name="Tag" isnull="true" />
  <property name="GroupSummary" iskey="true" value="0" />
  <property name="ActiveFilterString" />
  <property name="FormatConditions" iskey="true" value="0" />
  <property name="GroupSummarySortInfoState" />
  <property name="FindFilterText" />
  <property name="FindPanelVisible">false</property>
</XtraSerializer>