﻿<XtraSerializer version="1.0" application="View">
  <property name="#LayoutVersion" />
  <property name="#LayoutScaleFactor">@1,Width=1@1,Height=1</property>
  <property name="OptionsCustomization" isnull="true" iskey="true">
    <property name="QuickCustomizationIcons">~Xtra#NULL</property>
    <property name="AllowGroup">false</property>
  </property>
  <property name="Appearance" isnull="true" iskey="true">
    <property name="HeaderPanel" iskey="true" value="HeaderPanel">
      <property name="Options" isnull="true" iskey="true">
        <property name="UseForeColor">true</property>
        <property name="UseFont">true</property>
      </property>
      <property name="ForeColor">227, 22, 91</property>
      <property name="Font">Segoe UI Semibold, 9.75pt, style=Bold</property>
    </property>
    <property name="Row" iskey="true" value="Row">
      <property name="Options" isnull="true" iskey="true">
        <property name="UseFont">true</property>
      </property>
      <property name="Font">Segoe UI, 9.75pt</property>
    </property>
    <property name="FooterPanel" iskey="true" value="FooterPanel">
      <property name="Options" isnull="true" iskey="true">
        <property name="UseForeColor">true</property>
        <property name="UseFont">true</property>
      </property>
      <property name="ForeColor">227, 22, 91</property>
      <property name="Font">Segoe UI Semibold, 9.75pt, style=Bold</property>
    </property>
  </property>
  <property name="OptionsBehavior" isnull="true" iskey="true">
    <property name="FocusLeaveOnTab">true</property>
  </property>
  <property name="OptionsSelection" isnull="true" iskey="true">
    <property name="ShowCheckBoxSelectorInColumnHeader">False</property>
    <property name="CheckBoxSelectorColumnWidth">30</property>
    <property name="MultiSelectMode">CheckBoxRowSelect</property>
  </property>
  <property name="OptionsView" isnull="true" iskey="true">
    <property name="ColumnAutoWidth">false</property>
    <property name="ShowAutoFilterRow">true</property>
    <property name="ShowFooter">true</property>
    <property name="ShowGroupPanel">false</property>
  </property>
  <property name="FixedLineWidth">2</property>
  <property name="IndicatorWidth">35</property>
  <property name="ColumnPanelRowHeight">-1</property>
  <property name="RowSeparatorHeight">0</property>
  <property name="FooterPanelHeight">-1</property>
  <property name="HorzScrollVisibility">Auto</property>
  <property name="VertScrollVisibility">Auto</property>
  <property name="RowHeight">-1</property>
  <property name="GroupRowHeight">-1</property>
  <property name="GroupFormat">{0}: [#image]{1} {2}</property>
  <property name="ChildGridLevelName" />
  <property name="VertScrollTipFieldName" />
  <property name="PreviewFieldName" />
  <property name="GroupPanelText" />
  <property name="NewItemRowText" />
  <property name="LevelIndent">-1</property>
  <property name="PreviewIndent">-1</property>
  <property name="PreviewLineCount">-1</property>
  <property name="ScrollStyle">LiveVertScroll, LiveHorzScroll</property>
  <property name="FocusRectStyle">RowFullFocus</property>
  <property name="HorzScrollStep">0</property>
  <property name="ActiveFilterEnabled">true</property>
  <property name="ViewCaptionHeight">-1</property>
  <property name="Columns" iskey="true" value="73">
    <property name="Item1" isnull="true" iskey="true">
      <property name="Name">colItemCode</property>
      <property name="ImageAlignment">Near</property>
      <property name="ImageIndex">-1</property>
      <property name="FieldName">ItemCode</property>
      <property name="ColumnEditName" />
      <property name="VisibleIndex">1</property>
      <property name="Visible">true</property>
      <property name="Width">75</property>
      <property name="MinWidth">20</property>
      <property name="MaxWidth">0</property>
    </property>
    <property name="Item2" isnull="true" iskey="true">
      <property name="Name">colStyleNo</property>
      <property name="ImageAlignment">Near</property>
      <property name="ImageIndex">-1</property>
      <property name="FieldName">StyleNo</property>
      <property name="ColumnEditName" />
      <property name="VisibleIndex">4</property>
      <property name="Visible">true</property>
      <property name="Width">75</property>
      <property name="MinWidth">20</property>
      <property name="MaxWidth">0</property>
    </property>
    <property name="Item3" isnull="true" iskey="true">
      <property name="Name">colDescription</property>
      <property name="ImageAlignment">Near</property>
      <property name="ImageIndex">-1</property>
      <property name="FieldName">Description</property>
      <property name="ColumnEditName" />
      <property name="Width">119</property>
      <property name="MinWidth">20</property>
      <property name="MaxWidth">0</property>
    </property>
    <property name="Item4" isnull="true" iskey="true">
      <property name="Name">colGroupId</property>
      <property name="ImageAlignment">Near</property>
      <property name="ImageIndex">-1</property>
      <property name="FieldName">GroupId</property>
      <property name="ColumnEditName" />
      <property name="Width">75</property>
      <property name="MinWidth">20</property>
      <property name="MaxWidth">0</property>
    </property>
    <property name="Item5" isnull="true" iskey="true">
      <property name="Name">colBrand</property>
      <property name="ImageAlignment">Near</property>
      <property name="ImageIndex">-1</property>
      <property name="FieldName">Brand</property>
      <property name="ColumnEditName" />
      <property name="VisibleIndex">14</property>
      <property name="Visible">true</property>
      <property name="Width">75</property>
      <property name="MinWidth">20</property>
      <property name="MaxWidth">0</property>
    </property>
    <property name="Item6" isnull="true" iskey="true">
      <property name="Name">colAvgWt</property>
      <property name="Caption">Weight</property>
      <property name="ImageAlignment">Near</property>
      <property name="ImageIndex">-1</property>
      <property name="FieldName">AvgWt</property>
      <property name="ColumnEditName" />
      <property name="VisibleIndex">5</property>
      <property name="Visible">true</property>
      <property name="Width">75</property>
      <property name="MinWidth">20</property>
      <property name="MaxWidth">0</property>
    </property>
    <property name="Item7" isnull="true" iskey="true">
      <property name="Name">colCategory</property>
      <property name="ImageAlignment">Near</property>
      <property name="ImageIndex">-1</property>
      <property name="FieldName">Category</property>
      <property name="ColumnEditName" />
      <property name="VisibleIndex">20</property>
      <property name="Visible">true</property>
      <property name="Width">75</property>
      <property name="MinWidth">20</property>
      <property name="MaxWidth">0</property>
    </property>
    <property name="Item8" isnull="true" iskey="true">
      <property name="Name">colSellingPrice</property>
      <property name="ImageAlignment">Near</property>
      <property name="ImageIndex">-1</property>
      <property name="FieldName">SellingPrice</property>
      <property name="ColumnEditName" />
      <property name="VisibleIndex">10</property>
      <property name="Visible">true</property>
      <property name="Width">89</property>
      <property name="MinWidth">20</property>
      <property name="MaxWidth">0</property>
    </property>
    <property name="Item9" isnull="true" iskey="true">
      <property name="Name">colBulkQty</property>
      <property name="ImageAlignment">Near</property>
      <property name="ImageIndex">-1</property>
      <property name="FieldName">BulkQty</property>
      <property name="ColumnEditName" />
      <property name="Width">75</property>
      <property name="MinWidth">20</property>
      <property name="MaxWidth">0</property>
    </property>
    <property name="Item10" isnull="true" iskey="true">
      <property name="Name">colBulkRate</property>
      <property name="ImageAlignment">Near</property>
      <property name="ImageIndex">-1</property>
      <property name="FieldName">BulkRate</property>
      <property name="ColumnEditName" />
      <property name="VisibleIndex">15</property>
      <property name="Visible">true</property>
      <property name="Width">75</property>
      <property name="MinWidth">20</property>
      <property name="MaxWidth">0</property>
    </property>
    <property name="Item11" isnull="true" iskey="true">
      <property name="Name">colSubGroupId</property>
      <property name="ImageAlignment">Near</property>
      <property name="ImageIndex">-1</property>
      <property name="FieldName">SubGroupId</property>
      <property name="ColumnEditName" />
      <property name="Width">75</property>
      <property name="MinWidth">20</property>
      <property name="MaxWidth">0</property>
    </property>
    <property name="Item12" isnull="true" iskey="true">
      <property name="Name">colGroupName</property>
      <property name="ImageAlignment">Near</property>
      <property name="ImageIndex">-1</property>
      <property name="FieldName">GroupName</property>
      <property name="ColumnEditName" />
      <property name="VisibleIndex">18</property>
      <property name="Visible">true</property>
      <property name="Width">97</property>
      <property name="MinWidth">20</property>
      <property name="MaxWidth">0</property>
    </property>
    <property name="Item13" isnull="true" iskey="true">
      <property name="Name">colSize</property>
      <property name="ImageAlignment">Near</property>
      <property name="ImageIndex">-1</property>
      <property name="FieldName">Size</property>
      <property name="ColumnEditName" />
      <property name="VisibleIndex">16</property>
      <property name="Visible">true</property>
      <property name="Width">75</property>
      <property name="MinWidth">20</property>
      <property name="MaxWidth">0</property>
    </property>
    <property name="Item14" isnull="true" iskey="true">
      <property name="Name">colSubGroupName</property>
      <property name="ImageAlignment">Near</property>
      <property name="ImageIndex">-1</property>
      <property name="FieldName">SubGroupName</property>
      <property name="ColumnEditName" />
      <property name="VisibleIndex">17</property>
      <property name="Visible">true</property>
      <property name="Width">118</property>
      <property name="MinWidth">20</property>
      <property name="MaxWidth">0</property>
    </property>
    <property name="Item15" isnull="true" iskey="true">
      <property name="Name">colSizeId</property>
      <property name="ImageAlignment">Near</property>
      <property name="ImageIndex">-1</property>
      <property name="FieldName">SizeId</property>
      <property name="ColumnEditName" />
      <property name="Width">75</property>
      <property name="MinWidth">20</property>
      <property name="MaxWidth">0</property>
    </property>
    <property name="Item16" isnull="true" iskey="true">
      <property name="Name">colCategoryId</property>
      <property name="ImageAlignment">Near</property>
      <property name="ImageIndex">-1</property>
      <property name="FieldName">CategoryId</property>
      <property name="ColumnEditName" />
      <property name="Width">109</property>
      <property name="MinWidth">20</property>
      <property name="MaxWidth">0</property>
    </property>
    <property name="Item17" isnull="true" iskey="true">
      <property name="Name">colBrandId</property>
      <property name="ImageAlignment">Near</property>
      <property name="ImageIndex">-1</property>
      <property name="FieldName">BrandId</property>
      <property name="ColumnEditName" />
      <property name="Width">75</property>
      <property name="MinWidth">20</property>
      <property name="MaxWidth">0</property>
    </property>
    <property name="Item18" isnull="true" iskey="true">
      <property name="Name">colPurUomId</property>
      <property name="ImageAlignment">Near</property>
      <property name="ImageIndex">-1</property>
      <property name="FieldName">PurUomId</property>
      <property name="ColumnEditName" />
      <property name="Width">106</property>
      <property name="MinWidth">20</property>
      <property name="MaxWidth">0</property>
    </property>
    <property name="Item19" isnull="true" iskey="true">
      <property name="Name">colPurDisc</property>
      <property name="ImageAlignment">Near</property>
      <property name="ImageIndex">-1</property>
      <property name="FieldName">PurDisc</property>
      <property name="ColumnEditName" />
      <property name="VisibleIndex">8</property>
      <property name="Visible">true</property>
      <property name="Width">75</property>
      <property name="MinWidth">20</property>
      <property name="MaxWidth">0</property>
    </property>
    <property name="Item20" isnull="true" iskey="true">
      <property name="Name">colSaleDisc</property>
      <property name="ImageAlignment">Near</property>
      <property name="ImageIndex">-1</property>
      <property name="FieldName">SaleDisc</property>
      <property name="ColumnEditName" />
      <property name="VisibleIndex">9</property>
      <property name="Visible">true</property>
      <property name="Width">75</property>
      <property name="MinWidth">20</property>
      <property name="MaxWidth">0</property>
    </property>
    <property name="Item21" isnull="true" iskey="true">
      <property name="Name">colMrp</property>
      <property name="ImageAlignment">Near</property>
      <property name="ImageIndex">-1</property>
      <property name="FieldName">Mrp</property>
      <property name="ColumnEditName" />
      <property name="VisibleIndex">12</property>
      <property name="Visible">true</property>
      <property name="Width">75</property>
      <property name="MinWidth">20</property>
      <property name="MaxWidth">0</property>
    </property>
    <property name="Item22" isnull="true" iskey="true">
      <property name="Name">colProfitPer</property>
      <property name="ImageAlignment">Near</property>
      <property name="ImageIndex">-1</property>
      <property name="FieldName">ProfitPer</property>
      <property name="ColumnEditName" />
      <property name="VisibleIndex">13</property>
      <property name="Visible">true</property>
      <property name="Width">75</property>
      <property name="MinWidth">20</property>
      <property name="MaxWidth">0</property>
    </property>
    <property name="Item23" isnull="true" iskey="true">
      <property name="Name">colSemiBulkRate</property>
      <property name="ImageAlignment">Near</property>
      <property name="ImageIndex">-1</property>
      <property name="FieldName">SemiBulkRate</property>
      <property name="ColumnEditName" />
      <property name="VisibleIndex">21</property>
      <property name="Visible">true</property>
      <property name="Width">120</property>
      <property name="MinWidth">20</property>
      <property name="MaxWidth">0</property>
    </property>
    <property name="Item24" isnull="true" iskey="true">
      <property name="Name">colCheckNegative</property>
      <property name="ImageAlignment">Near</property>
      <property name="ImageIndex">-1</property>
      <property name="FieldName">CheckNegative</property>
      <property name="ColumnEditName" />
      <property name="Width">90</property>
      <property name="MinWidth">20</property>
      <property name="MaxWidth">0</property>
    </property>
    <property name="Item25" isnull="true" iskey="true">
      <property name="Name">colSaleRateTaxInc</property>
      <property name="ImageAlignment">Near</property>
      <property name="ImageIndex">-1</property>
      <property name="FieldName">SaleRateTaxInc</property>
      <property name="ColumnEditName" />
      <property name="Width">75</property>
      <property name="MinWidth">20</property>
      <property name="MaxWidth">0</property>
    </property>
    <property name="Item26" isnull="true" iskey="true">
      <property name="Name">colTaxId</property>
      <property name="ImageAlignment">Near</property>
      <property name="ImageIndex">-1</property>
      <property name="FieldName">TaxId</property>
      <property name="ColumnEditName" />
      <property name="Width">75</property>
      <property name="MinWidth">20</property>
      <property name="MaxWidth">0</property>
    </property>
    <property name="Item27" isnull="true" iskey="true">
      <property name="Name">colProductName</property>
      <property name="ImageAlignment">Near</property>
      <property name="ImageIndex">-1</property>
      <property name="FieldName">ProductName</property>
      <property name="ColumnEditName" />
      <property name="VisibleIndex">2</property>
      <property name="Visible">true</property>
      <property name="Width">160</property>
      <property name="MinWidth">20</property>
      <property name="MaxWidth">0</property>
    </property>
    <property name="Item28" isnull="true" iskey="true">
      <property name="Name">colColorName</property>
      <property name="ImageAlignment">Near</property>
      <property name="ImageIndex">-1</property>
      <property name="FieldName">ColorName</property>
      <property name="ColumnEditName" />
      <property name="VisibleIndex">19</property>
      <property name="Visible">true</property>
      <property name="Width">75</property>
      <property name="MinWidth">20</property>
      <property name="MaxWidth">0</property>
    </property>
    <property name="Item29" isnull="true" iskey="true">
      <property name="Name">colDesignName</property>
      <property name="ImageAlignment">Near</property>
      <property name="ImageIndex">-1</property>
      <property name="FieldName">DesignName</property>
      <property name="ColumnEditName" />
      <property name="Width">75</property>
      <property name="MinWidth">20</property>
      <property name="MaxWidth">0</property>
    </property>
    <property name="Item30" isnull="true" iskey="true">
      <property name="Name">colGradeName</property>
      <property name="ImageAlignment">Near</property>
      <property name="ImageIndex">-1</property>
      <property name="FieldName">GradeName</property>
      <property name="ColumnEditName" />
      <property name="Width">75</property>
      <property name="MinWidth">20</property>
      <property name="MaxWidth">0</property>
    </property>
    <property name="Item31" isnull="true" iskey="true">
      <property name="Name">colLotNo</property>
      <property name="ImageAlignment">Near</property>
      <property name="ImageIndex">-1</property>
      <property name="FieldName">LotNo</property>
      <property name="ColumnEditName" />
      <property name="Width">75</property>
      <property name="MinWidth">20</property>
      <property name="MaxWidth">0</property>
    </property>
    <property name="Item32" isnull="true" iskey="true">
      <property name="Name">colQty</property>
      <property name="ImageAlignment">Near</property>
      <property name="ImageIndex">-1</property>
      <property name="FieldName">Qty</property>
      <property name="ColumnEditName" />
      <property name="VisibleIndex">6</property>
      <property name="Visible">true</property>
      <property name="Width">84</property>
      <property name="MinWidth">20</property>
      <property name="MaxWidth">0</property>
    </property>
    <property name="Item33" isnull="true" iskey="true">
      <property name="Name">colCut</property>
      <property name="ImageAlignment">Near</property>
      <property name="ImageIndex">-1</property>
      <property name="FieldName">Cut</property>
      <property name="ColumnEditName" />
      <property name="Width">75</property>
      <property name="MinWidth">20</property>
      <property name="MaxWidth">0</property>
    </property>
    <property name="Item34" isnull="true" iskey="true">
      <property name="Name">colPcs</property>
      <property name="ImageAlignment">Near</property>
      <property name="ImageIndex">-1</property>
      <property name="FieldName">Pcs</property>
      <property name="ColumnEditName" />
      <property name="Width">75</property>
      <property name="MinWidth">20</property>
      <property name="MaxWidth">0</property>
    </property>
    <property name="Item35" isnull="true" iskey="true">
      <property name="Name">colUomId</property>
      <property name="ImageAlignment">Near</property>
      <property name="ImageIndex">-1</property>
      <property name="FieldName">UomId</property>
      <property name="ColumnEditName" />
      <property name="VisibleIndex">11</property>
      <property name="Visible">true</property>
      <property name="Width">75</property>
      <property name="MinWidth">20</property>
      <property name="MaxWidth">0</property>
    </property>
    <property name="Item36" isnull="true" iskey="true">
      <property name="Name">colRate</property>
      <property name="ImageAlignment">Near</property>
      <property name="ImageIndex">-1</property>
      <property name="FieldName">Rate</property>
      <property name="ColumnEditName" />
      <property name="VisibleIndex">7</property>
      <property name="Visible">true</property>
      <property name="Width">75</property>
      <property name="MinWidth">20</property>
      <property name="MaxWidth">0</property>
    </property>
    <property name="Item37" isnull="true" iskey="true">
      <property name="Name">colTotal</property>
      <property name="ImageAlignment">Near</property>
      <property name="ImageIndex">-1</property>
      <property name="FieldName">Total</property>
      <property name="ColumnEditName" />
      <property name="VisibleIndex">22</property>
      <property name="Visible">true</property>
      <property name="Width">75</property>
      <property name="MinWidth">20</property>
      <property name="MaxWidth">0</property>
    </property>
    <property name="Item38" isnull="true" iskey="true">
      <property name="Name">colDisc</property>
      <property name="ImageAlignment">Near</property>
      <property name="ImageIndex">-1</property>
      <property name="FieldName">Disc</property>
      <property name="ColumnEditName" />
      <property name="VisibleIndex">23</property>
      <property name="Visible">true</property>
      <property name="Width">75</property>
      <property name="MinWidth">20</property>
      <property name="MaxWidth">0</property>
    </property>
    <property name="Item39" isnull="true" iskey="true">
      <property name="Name">colDiscAmt</property>
      <property name="ImageAlignment">Near</property>
      <property name="ImageIndex">-1</property>
      <property name="FieldName">DiscAmt</property>
      <property name="ColumnEditName" />
      <property name="VisibleIndex">24</property>
      <property name="Visible">true</property>
      <property name="Width">75</property>
      <property name="MinWidth">20</property>
      <property name="MaxWidth">0</property>
    </property>
    <property name="Item40" isnull="true" iskey="true">
      <property name="Name">colFreightRate</property>
      <property name="ImageAlignment">Near</property>
      <property name="ImageIndex">-1</property>
      <property name="FieldName">FreightRate</property>
      <property name="ColumnEditName" />
      <property name="VisibleIndex">25</property>
      <property name="Visible">true</property>
      <property name="Width">100</property>
      <property name="MinWidth">20</property>
      <property name="MaxWidth">0</property>
    </property>
    <property name="Item41" isnull="true" iskey="true">
      <property name="Name">colFreight</property>
      <property name="ImageAlignment">Near</property>
      <property name="ImageIndex">-1</property>
      <property name="FieldName">Freight</property>
      <property name="ColumnEditName" />
      <property name="VisibleIndex">26</property>
      <property name="Visible">true</property>
      <property name="Width">75</property>
      <property name="MinWidth">20</property>
      <property name="MaxWidth">0</property>
    </property>
    <property name="Item42" isnull="true" iskey="true">
      <property name="Name">colOtherAdd</property>
      <property name="ImageAlignment">Near</property>
      <property name="ImageIndex">-1</property>
      <property name="FieldName">OtherAdd</property>
      <property name="ColumnEditName" />
      <property name="VisibleIndex">27</property>
      <property name="Visible">true</property>
      <property name="Width">75</property>
      <property name="MinWidth">20</property>
      <property name="MaxWidth">0</property>
    </property>
    <property name="Item43" isnull="true" iskey="true">
      <property name="Name">colOtherLess</property>
      <property name="ImageAlignment">Near</property>
      <property name="ImageIndex">-1</property>
      <property name="FieldName">OtherLess</property>
      <property name="ColumnEditName" />
      <property name="VisibleIndex">28</property>
      <property name="Visible">true</property>
      <property name="Width">75</property>
      <property name="MinWidth">20</property>
      <property name="MaxWidth">0</property>
    </property>
    <property name="Item44" isnull="true" iskey="true">
      <property name="Name">colSgstPer</property>
      <property name="ImageAlignment">Near</property>
      <property name="ImageIndex">-1</property>
      <property name="FieldName">SgstPer</property>
      <property name="ColumnEditName" />
      <property name="VisibleIndex">29</property>
      <property name="Visible">true</property>
      <property name="Width">75</property>
      <property name="MinWidth">20</property>
      <property name="MaxWidth">0</property>
    </property>
    <property name="Item45" isnull="true" iskey="true">
      <property name="Name">colSgst</property>
      <property name="ImageAlignment">Near</property>
      <property name="ImageIndex">-1</property>
      <property name="FieldName">Sgst</property>
      <property name="ColumnEditName" />
      <property name="VisibleIndex">30</property>
      <property name="Visible">true</property>
      <property name="Width">75</property>
      <property name="MinWidth">20</property>
      <property name="MaxWidth">0</property>
    </property>
    <property name="Item46" isnull="true" iskey="true">
      <property name="Name">colCgstPer</property>
      <property name="ImageAlignment">Near</property>
      <property name="ImageIndex">-1</property>
      <property name="FieldName">CgstPer</property>
      <property name="ColumnEditName" />
      <property name="VisibleIndex">31</property>
      <property name="Visible">true</property>
      <property name="Width">75</property>
      <property name="MinWidth">20</property>
      <property name="MaxWidth">0</property>
    </property>
    <property name="Item47" isnull="true" iskey="true">
      <property name="Name">colCgst</property>
      <property name="ImageAlignment">Near</property>
      <property name="ImageIndex">-1</property>
      <property name="FieldName">Cgst</property>
      <property name="ColumnEditName" />
      <property name="VisibleIndex">32</property>
      <property name="Visible">true</property>
      <property name="Width">75</property>
      <property name="MinWidth">20</property>
      <property name="MaxWidth">0</property>
    </property>
    <property name="Item48" isnull="true" iskey="true">
      <property name="Name">colIgstPer</property>
      <property name="ImageAlignment">Near</property>
      <property name="ImageIndex">-1</property>
      <property name="FieldName">IgstPer</property>
      <property name="ColumnEditName" />
      <property name="VisibleIndex">33</property>
      <property name="Visible">true</property>
      <property name="Width">68</property>
      <property name="MinWidth">20</property>
      <property name="MaxWidth">0</property>
    </property>
    <property name="Item49" isnull="true" iskey="true">
      <property name="Name">colIgst</property>
      <property name="ImageAlignment">Near</property>
      <property name="ImageIndex">-1</property>
      <property name="FieldName">Igst</property>
      <property name="ColumnEditName" />
      <property name="VisibleIndex">34</property>
      <property name="Visible">true</property>
      <property name="Width">75</property>
      <property name="MinWidth">20</property>
      <property name="MaxWidth">0</property>
    </property>
    <property name="Item50" isnull="true" iskey="true">
      <property name="Name">colCessPer</property>
      <property name="ImageAlignment">Near</property>
      <property name="ImageIndex">-1</property>
      <property name="FieldName">CessPer</property>
      <property name="ColumnEditName" />
      <property name="Width">75</property>
      <property name="MinWidth">20</property>
      <property name="MaxWidth">0</property>
    </property>
    <property name="Item51" isnull="true" iskey="true">
      <property name="Name">colCess</property>
      <property name="ImageAlignment">Near</property>
      <property name="ImageIndex">-1</property>
      <property name="FieldName">Cess</property>
      <property name="ColumnEditName" />
      <property name="Width">75</property>
      <property name="MinWidth">20</property>
      <property name="MaxWidth">0</property>
    </property>
    <property name="Item52" isnull="true" iskey="true">
      <property name="Name">colNetTotal</property>
      <property name="ImageAlignment">Near</property>
      <property name="ImageIndex">-1</property>
      <property name="FieldName">NetTotal</property>
      <property name="ColumnEditName" />
      <property name="VisibleIndex">35</property>
      <property name="Visible">true</property>
      <property name="Width">75</property>
      <property name="MinWidth">20</property>
      <property name="MaxWidth">0</property>
    </property>
    <property name="Item53" isnull="true" iskey="true">
      <property name="Name">colRemark</property>
      <property name="ImageAlignment">Near</property>
      <property name="ImageIndex">-1</property>
      <property name="FieldName">Remark</property>
      <property name="ColumnEditName" />
      <property name="VisibleIndex">36</property>
      <property name="Visible">true</property>
      <property name="Width">75</property>
      <property name="MinWidth">20</property>
      <property name="MaxWidth">0</property>
    </property>
    <property name="Item54" isnull="true" iskey="true">
      <property name="Name">colChallanNo</property>
      <property name="ImageAlignment">Near</property>
      <property name="ImageIndex">-1</property>
      <property name="FieldName">ChallanNo</property>
      <property name="ColumnEditName" />
      <property name="Width">75</property>
      <property name="MinWidth">20</property>
      <property name="MaxWidth">0</property>
    </property>
    <property name="Item55" isnull="true" iskey="true">
      <property name="Name">colChallanDate</property>
      <property name="ImageAlignment">Near</property>
      <property name="ImageIndex">-1</property>
      <property name="FieldName">ChallanDate</property>
      <property name="ColumnEditName" />
      <property name="Width">75</property>
      <property name="MinWidth">20</property>
      <property name="MaxWidth">0</property>
    </property>
    <property name="Item56" isnull="true" iskey="true">
      <property name="Name">colOrderNo</property>
      <property name="ImageAlignment">Near</property>
      <property name="ImageIndex">-1</property>
      <property name="FieldName">OrderNo</property>
      <property name="ColumnEditName" />
      <property name="Width">75</property>
      <property name="MinWidth">20</property>
      <property name="MaxWidth">0</property>
    </property>
    <property name="Item57" isnull="true" iskey="true">
      <property name="Name">colOrderDate</property>
      <property name="ImageAlignment">Near</property>
      <property name="ImageIndex">-1</property>
      <property name="FieldName">OrderDate</property>
      <property name="ColumnEditName" />
      <property name="Width">75</property>
      <property name="MinWidth">20</property>
      <property name="MaxWidth">0</property>
    </property>
    <property name="Item58" isnull="true" iskey="true">
      <property name="Name">colId</property>
      <property name="ImageAlignment">Near</property>
      <property name="ImageIndex">-1</property>
      <property name="FieldName">Id</property>
      <property name="ColumnEditName" />
      <property name="Width">75</property>
      <property name="MinWidth">20</property>
      <property name="MaxWidth">0</property>
    </property>
    <property name="Item59" isnull="true" iskey="true">
      <property name="Name">colBillId</property>
      <property name="ImageAlignment">Near</property>
      <property name="ImageIndex">-1</property>
      <property name="FieldName">BillId</property>
      <property name="ColumnEditName" />
      <property name="Width">75</property>
      <property name="MinWidth">20</property>
      <property name="MaxWidth">0</property>
    </property>
    <property name="Item60" isnull="true" iskey="true">
      <property name="Name">colBatchId</property>
      <property name="ImageAlignment">Near</property>
      <property name="ImageIndex">-1</property>
      <property name="FieldName">BatchId</property>
      <property name="ColumnEditName" />
      <property name="Width">75</property>
      <property name="MinWidth">20</property>
      <property name="MaxWidth">0</property>
    </property>
    <property name="Item61" isnull="true" iskey="true">
      <property name="Name">colProductId</property>
      <property name="ImageAlignment">Near</property>
      <property name="ImageIndex">-1</property>
      <property name="FieldName">ProductId</property>
      <property name="ColumnEditName" />
      <property name="Width">75</property>
      <property name="MinWidth">20</property>
      <property name="MaxWidth">0</property>
    </property>
    <property name="Item62" isnull="true" iskey="true">
      <property name="Name">colColorId</property>
      <property name="ImageAlignment">Near</property>
      <property name="ImageIndex">-1</property>
      <property name="FieldName">ColorId</property>
      <property name="ColumnEditName" />
      <property name="Width">75</property>
      <property name="MinWidth">20</property>
      <property name="MaxWidth">0</property>
    </property>
    <property name="Item63" isnull="true" iskey="true">
      <property name="Name">colDesignId</property>
      <property name="ImageAlignment">Near</property>
      <property name="ImageIndex">-1</property>
      <property name="FieldName">DesignId</property>
      <property name="ColumnEditName" />
      <property name="Width">75</property>
      <property name="MinWidth">20</property>
      <property name="MaxWidth">0</property>
    </property>
    <property name="Item64" isnull="true" iskey="true">
      <property name="Name">colGradeId</property>
      <property name="ImageAlignment">Near</property>
      <property name="ImageIndex">-1</property>
      <property name="FieldName">GradeId</property>
      <property name="ColumnEditName" />
      <property name="Width">75</property>
      <property name="MinWidth">20</property>
      <property name="MaxWidth">0</property>
    </property>
    <property name="Item65" isnull="true" iskey="true">
      <property name="Name">colRefId</property>
      <property name="ImageAlignment">Near</property>
      <property name="ImageIndex">-1</property>
      <property name="FieldName">RefId</property>
      <property name="ColumnEditName" />
      <property name="Width">75</property>
      <property name="MinWidth">20</property>
      <property name="MaxWidth">0</property>
    </property>
    <property name="Item66" isnull="true" iskey="true">
      <property name="Name">colRefTransId</property>
      <property name="ImageAlignment">Near</property>
      <property name="ImageIndex">-1</property>
      <property name="FieldName">RefTransId</property>
      <property name="ColumnEditName" />
      <property name="Width">75</property>
      <property name="MinWidth">20</property>
      <property name="MaxWidth">0</property>
    </property>
    <property name="Item67" isnull="true" iskey="true">
      <property name="Name">colRefVoucherId</property>
      <property name="ImageAlignment">Near</property>
      <property name="ImageIndex">-1</property>
      <property name="FieldName">RefVoucherId</property>
      <property name="ColumnEditName" />
      <property name="Width">75</property>
      <property name="MinWidth">20</property>
      <property name="MaxWidth">0</property>
    </property>
    <property name="Item68" isnull="true" iskey="true">
      <property name="Name">colOrdId</property>
      <property name="ImageAlignment">Near</property>
      <property name="ImageIndex">-1</property>
      <property name="FieldName">OrdId</property>
      <property name="ColumnEditName" />
      <property name="Width">75</property>
      <property name="MinWidth">20</property>
      <property name="MaxWidth">0</property>
    </property>
    <property name="Item69" isnull="true" iskey="true">
      <property name="Name">colOrdDate</property>
      <property name="ImageAlignment">Near</property>
      <property name="ImageIndex">-1</property>
      <property name="FieldName">OrdDate</property>
      <property name="ColumnEditName" />
      <property name="Width">75</property>
      <property name="MinWidth">20</property>
      <property name="MaxWidth">0</property>
    </property>
    <property name="Item70" isnull="true" iskey="true">
      <property name="Name">colChDate</property>
      <property name="ImageAlignment">Near</property>
      <property name="ImageIndex">-1</property>
      <property name="FieldName">ChDate</property>
      <property name="ColumnEditName" />
      <property name="Width">75</property>
      <property name="MinWidth">20</property>
      <property name="MaxWidth">0</property>
    </property>
    <property name="Item71" isnull="true" iskey="true">
      <property name="Name">colSaleRate</property>
      <property name="ImageAlignment">Near</property>
      <property name="ImageIndex">-1</property>
      <property name="FieldName">SaleRate</property>
      <property name="ColumnEditName" />
      <property name="Width">75</property>
      <property name="MinWidth">20</property>
      <property name="MaxWidth">0</property>
    </property>
    <property name="Item72" isnull="true" iskey="true">
      <property name="Name">colHsnCode</property>
      <property name="ImageAlignment">Near</property>
      <property name="ImageIndex">-1</property>
      <property name="FieldName">HsnCode</property>
      <property name="ColumnEditName" />
      <property name="VisibleIndex">3</property>
      <property name="Visible">true</property>
      <property name="Width">75</property>
      <property name="MinWidth">20</property>
      <property name="MaxWidth">0</property>
    </property>
    <property name="Item73" isnull="true" iskey="true">
      <property name="Name">colBarcode</property>
      <property name="ImageAlignment">Near</property>
      <property name="ImageIndex">-1</property>
      <property name="FieldName">Barcode</property>
      <property name="ColumnEditName" />
      <property name="VisibleIndex">0</property>
      <property name="Visible">true</property>
      <property name="Width">90</property>
      <property name="MinWidth">20</property>
      <property name="MaxWidth">0</property>
    </property>
  </property>
  <property name="ViewCaption" />
  <property name="BorderStyle">Default</property>
  <property name="SynchronizeClones">true</property>
  <property name="DetailTabHeaderLocation">Top</property>
  <property name="Name">gridView1</property>
  <property name="DetailHeight">350</property>
  <property name="Tag" isnull="true" />
  <property name="GroupSummary" iskey="true" value="0" />
  <property name="ActiveFilterString" />
  <property name="FormatConditions" iskey="true" value="0" />
  <property name="GroupSummarySortInfoState" />
  <property name="FindFilterText" />
  <property name="FindPanelVisible">false</property>
</XtraSerializer>