﻿<XtraSerializer version="1.0" application="View">
  <property name="#LayoutVersion" />
  <property name="#LayoutScaleFactor">@1,Width=1@1,Height=1</property>
  <property name="Appearance" isnull="true" iskey="true">
    <property name="HeaderPanel" iskey="true" value="HeaderPanel">
      <property name="Options" isnull="true" iskey="true">
        <property name="UseForeColor">true</property>
        <property name="UseFont">true</property>
      </property>
      <property name="ForeColor">22, 165, 220</property>
      <property name="Font">Segoe UI Semibold, 9.75pt, style=Bold</property>
    </property>
    <property name="Row" iskey="true" value="Row">
      <property name="Options" isnull="true" iskey="true">
        <property name="UseFont">true</property>
      </property>
      <property name="Font">Segoe UI, 9.75pt</property>
    </property>
    <property name="FooterPanel" iskey="true" value="FooterPanel">
      <property name="Options" isnull="true" iskey="true">
        <property name="UseForeColor">true</property>
        <property name="UseFont">true</property>
      </property>
      <property name="ForeColor">227, 22, 91</property>
      <property name="Font">Segoe UI Semibold, 9.75pt, style=Bold</property>
    </property>
  </property>
  <property name="OptionsBehavior" isnull="true" iskey="true">
    <property name="FocusLeaveOnTab">true</property>
  </property>
  <property name="OptionsCustomization" isnull="true" iskey="true">
    <property name="AllowFilter">false</property>
    <property name="AllowGroup">false</property>
    <property name="AllowSort">false</property>
  </property>
  <property name="OptionsNavigation" isnull="true" iskey="true">
    <property name="EnterMoveNextColumn">true</property>
    <property name="UseTabKey">false</property>
  </property>
  <property name="OptionsView" isnull="true" iskey="true">
    <property name="NewItemRowPosition">Bottom</property>
    <property name="ColumnAutoWidth">false</property>
    <property name="ShowFooter">true</property>
    <property name="ShowGroupPanel">false</property>
  </property>
  <property name="FixedLineWidth">2</property>
  <property name="IndicatorWidth">30</property>
  <property name="ColumnPanelRowHeight">-1</property>
  <property name="RowSeparatorHeight">0</property>
  <property name="FooterPanelHeight">-1</property>
  <property name="HorzScrollVisibility">Auto</property>
  <property name="VertScrollVisibility">Auto</property>
  <property name="RowHeight">30</property>
  <property name="GroupRowHeight">-1</property>
  <property name="GroupFormat">{0}: [#image]{1} {2}</property>
  <property name="ChildGridLevelName" />
  <property name="VertScrollTipFieldName" />
  <property name="PreviewFieldName" />
  <property name="GroupPanelText" />
  <property name="NewItemRowText" />
  <property name="LevelIndent">-1</property>
  <property name="PreviewIndent">-1</property>
  <property name="PreviewLineCount">-1</property>
  <property name="ScrollStyle">LiveVertScroll, LiveHorzScroll</property>
  <property name="FocusRectStyle">CellFocus</property>
  <property name="HorzScrollStep">0</property>
  <property name="ActiveFilterEnabled">true</property>
  <property name="ViewCaptionHeight">-1</property>
  <property name="Columns" iskey="true" value="29">
    <property name="Item1" isnull="true" iskey="true">
      <property name="Name">colId</property>
      <property name="ImageAlignment">Near</property>
      <property name="ImageIndex">-1</property>
      <property name="FieldName">Id</property>
      <property name="ColumnEditName" />
      <property name="Width">75</property>
      <property name="MinWidth">20</property>
      <property name="MaxWidth">0</property>
    </property>
    <property name="Item2" isnull="true" iskey="true">
      <property name="Name">colBillId</property>
      <property name="ImageAlignment">Near</property>
      <property name="ImageIndex">-1</property>
      <property name="FieldName">BillId</property>
      <property name="ColumnEditName" />
      <property name="Width">75</property>
      <property name="MinWidth">20</property>
      <property name="MaxWidth">0</property>
    </property>
    <property name="Item3" isnull="true" iskey="true">
      <property name="Name">colHsnCode</property>
      <property name="ImageAlignment">Near</property>
      <property name="ImageIndex">-1</property>
      <property name="FieldName">HsnCode</property>
      <property name="ColumnEditName" />
      <property name="VisibleIndex">1</property>
      <property name="Visible">true</property>
      <property name="Width">102</property>
      <property name="MinWidth">20</property>
      <property name="MaxWidth">0</property>
    </property>
    <property name="Item4" isnull="true" iskey="true">
      <property name="Name">colToAccId</property>
      <property name="ImageAlignment">Near</property>
      <property name="ImageIndex">-1</property>
      <property name="FieldName">ToAccId</property>
      <property name="ColumnEditName" />
      <property name="Width">75</property>
      <property name="MinWidth">20</property>
      <property name="MaxWidth">0</property>
    </property>
    <property name="Item5" isnull="true" iskey="true">
      <property name="Name">colParticular</property>
      <property name="Caption">Tds Account</property>
      <property name="ImageAlignment">Near</property>
      <property name="ImageIndex">-1</property>
      <property name="FieldName">Particular</property>
      <property name="ColumnEditName">productRepositoryItemButtonEdit</property>
      <property name="Width">171</property>
      <property name="MinWidth">20</property>
      <property name="MaxWidth">0</property>
    </property>
    <property name="Item6" isnull="true" iskey="true">
      <property name="Name">colBatchId</property>
      <property name="Caption">Gst Slab</property>
      <property name="ImageAlignment">Near</property>
      <property name="ImageIndex">-1</property>
      <property name="FieldName">BatchId</property>
      <property name="ColumnEditName">taxRepositoryItemLookUpEdit</property>
      <property name="VisibleIndex">2</property>
      <property name="Visible">true</property>
      <property name="Width">100</property>
      <property name="MinWidth">20</property>
      <property name="MaxWidth">0</property>
    </property>
    <property name="Item7" isnull="true" iskey="true">
      <property name="Name">colQty</property>
      <property name="ImageAlignment">Near</property>
      <property name="ImageIndex">-1</property>
      <property name="FieldName">Qty</property>
      <property name="ColumnEditName">repositoryItemTextEdit1</property>
      <property name="VisibleIndex">3</property>
      <property name="Visible">true</property>
      <property name="Width">78</property>
      <property name="DisplayFormat" isnull="true" iskey="true">
        <property name="FormatString">n3</property>
        <property name="FormatType">Numeric</property>
      </property>
      <property name="MinWidth">20</property>
      <property name="MaxWidth">0</property>
      <property name="Summary" iskey="true" value="1">
        <property name="Item1" isnull="true" iskey="true">
          <property name="Tag" isnull="true" />
          <property name="FieldName">Qty</property>
          <property name="SummaryType">Sum</property>
          <property name="Mode">AllRows</property>
          <property name="DisplayFormat">{0:F}</property>
        </property>
      </property>
    </property>
    <property name="Item8" isnull="true" iskey="true">
      <property name="Name">colUomId</property>
      <property name="ImageAlignment">Near</property>
      <property name="ImageIndex">-1</property>
      <property name="FieldName">UomId</property>
      <property name="ColumnEditName">uomRepositoryItemLookUpEdit</property>
      <property name="VisibleIndex">4</property>
      <property name="Visible">true</property>
      <property name="Width">63</property>
      <property name="MinWidth">20</property>
      <property name="MaxWidth">0</property>
    </property>
    <property name="Item9" isnull="true" iskey="true">
      <property name="Name">colRate</property>
      <property name="ImageAlignment">Near</property>
      <property name="ImageIndex">-1</property>
      <property name="FieldName">Rate</property>
      <property name="ColumnEditName" />
      <property name="VisibleIndex">5</property>
      <property name="Visible">true</property>
      <property name="Width">75</property>
      <property name="DisplayFormat" isnull="true" iskey="true">
        <property name="FormatString">n4</property>
        <property name="FormatType">Numeric</property>
      </property>
      <property name="MinWidth">20</property>
      <property name="MaxWidth">0</property>
    </property>
    <property name="Item10" isnull="true" iskey="true">
      <property name="Name">colTotal</property>
      <property name="OptionsColumn" isnull="true" iskey="true">
        <property name="AllowEdit">false</property>
        <property name="AllowFocus">false</property>
      </property>
      <property name="ImageAlignment">Near</property>
      <property name="ImageIndex">-1</property>
      <property name="FieldName">Total</property>
      <property name="ColumnEditName" />
      <property name="VisibleIndex">6</property>
      <property name="Visible">true</property>
      <property name="Width">87</property>
      <property name="DisplayFormat" isnull="true" iskey="true">
        <property name="FormatString">F</property>
        <property name="FormatType">Numeric</property>
      </property>
      <property name="MinWidth">20</property>
      <property name="MaxWidth">0</property>
      <property name="Summary" iskey="true" value="1">
        <property name="Item1" isnull="true" iskey="true">
          <property name="Tag" isnull="true" />
          <property name="FieldName">Total</property>
          <property name="SummaryType">Sum</property>
          <property name="Mode">AllRows</property>
          <property name="DisplayFormat">{0:F}</property>
        </property>
      </property>
    </property>
    <property name="Item11" isnull="true" iskey="true">
      <property name="Name">colDisc</property>
      <property name="ImageAlignment">Near</property>
      <property name="ImageIndex">-1</property>
      <property name="FieldName">Disc</property>
      <property name="ColumnEditName" />
      <property name="VisibleIndex">7</property>
      <property name="Visible">true</property>
      <property name="Width">75</property>
      <property name="MinWidth">20</property>
      <property name="MaxWidth">0</property>
    </property>
    <property name="Item12" isnull="true" iskey="true">
      <property name="Name">colDiscAmt</property>
      <property name="ImageAlignment">Near</property>
      <property name="ImageIndex">-1</property>
      <property name="FieldName">DiscAmt</property>
      <property name="ColumnEditName" />
      <property name="VisibleIndex">8</property>
      <property name="Visible">true</property>
      <property name="Width">75</property>
      <property name="DisplayFormat" isnull="true" iskey="true">
        <property name="FormatString">F</property>
        <property name="FormatType">Numeric</property>
      </property>
      <property name="MinWidth">20</property>
      <property name="MaxWidth">0</property>
      <property name="Summary" iskey="true" value="1">
        <property name="Item1" isnull="true" iskey="true">
          <property name="Tag" isnull="true" />
          <property name="FieldName">DiscAmt</property>
          <property name="SummaryType">Sum</property>
          <property name="Mode">AllRows</property>
          <property name="DisplayFormat">{0:F}</property>
        </property>
      </property>
    </property>
    <property name="Item13" isnull="true" iskey="true">
      <property name="Name">colFreightRate</property>
      <property name="ImageAlignment">Near</property>
      <property name="ImageIndex">-1</property>
      <property name="FieldName">FreightRate</property>
      <property name="ColumnEditName" />
      <property name="Width">86</property>
      <property name="MinWidth">20</property>
      <property name="MaxWidth">0</property>
    </property>
    <property name="Item14" isnull="true" iskey="true">
      <property name="Name">colFreight</property>
      <property name="ImageAlignment">Near</property>
      <property name="ImageIndex">-1</property>
      <property name="FieldName">Freight</property>
      <property name="ColumnEditName" />
      <property name="Width">75</property>
      <property name="DisplayFormat" isnull="true" iskey="true">
        <property name="FormatString">F</property>
        <property name="FormatType">Numeric</property>
      </property>
      <property name="MinWidth">20</property>
      <property name="MaxWidth">0</property>
      <property name="Summary" iskey="true" value="1">
        <property name="Item1" isnull="true" iskey="true">
          <property name="Tag" isnull="true" />
          <property name="FieldName">Freight</property>
          <property name="SummaryType">Sum</property>
          <property name="Mode">AllRows</property>
          <property name="DisplayFormat">{0:F}</property>
        </property>
      </property>
    </property>
    <property name="Item15" isnull="true" iskey="true">
      <property name="Name">colOtherAdd</property>
      <property name="ImageAlignment">Near</property>
      <property name="ImageIndex">-1</property>
      <property name="FieldName">OtherAdd</property>
      <property name="ColumnEditName" />
      <property name="VisibleIndex">9</property>
      <property name="Visible">true</property>
      <property name="Width">75</property>
      <property name="DisplayFormat" isnull="true" iskey="true">
        <property name="FormatString">F</property>
        <property name="FormatType">Numeric</property>
      </property>
      <property name="MinWidth">20</property>
      <property name="MaxWidth">0</property>
      <property name="Summary" iskey="true" value="1">
        <property name="Item1" isnull="true" iskey="true">
          <property name="Tag" isnull="true" />
          <property name="FieldName">OtherAdd</property>
          <property name="SummaryType">Sum</property>
          <property name="Mode">AllRows</property>
          <property name="DisplayFormat">{0:F}</property>
        </property>
      </property>
    </property>
    <property name="Item16" isnull="true" iskey="true">
      <property name="Name">colOtherLess</property>
      <property name="ImageAlignment">Near</property>
      <property name="ImageIndex">-1</property>
      <property name="FieldName">OtherLess</property>
      <property name="ColumnEditName" />
      <property name="VisibleIndex">10</property>
      <property name="Visible">true</property>
      <property name="Width">75</property>
      <property name="DisplayFormat" isnull="true" iskey="true">
        <property name="FormatString">F</property>
        <property name="FormatType">Numeric</property>
      </property>
      <property name="MinWidth">20</property>
      <property name="MaxWidth">0</property>
      <property name="Summary" iskey="true" value="1">
        <property name="Item1" isnull="true" iskey="true">
          <property name="Tag" isnull="true" />
          <property name="FieldName">OtherLess</property>
          <property name="SummaryType">Sum</property>
          <property name="Mode">AllRows</property>
          <property name="DisplayFormat">{0:F}</property>
        </property>
      </property>
    </property>
    <property name="Item17" isnull="true" iskey="true">
      <property name="Name">colSgstPer</property>
      <property name="ImageAlignment">Near</property>
      <property name="ImageIndex">-1</property>
      <property name="FieldName">SgstPer</property>
      <property name="ColumnEditName" />
      <property name="VisibleIndex">13</property>
      <property name="Visible">true</property>
      <property name="Width">75</property>
      <property name="MinWidth">20</property>
      <property name="MaxWidth">0</property>
    </property>
    <property name="Item18" isnull="true" iskey="true">
      <property name="Name">colSgst</property>
      <property name="ImageAlignment">Near</property>
      <property name="ImageIndex">-1</property>
      <property name="FieldName">Sgst</property>
      <property name="ColumnEditName" />
      <property name="VisibleIndex">14</property>
      <property name="Visible">true</property>
      <property name="Width">75</property>
      <property name="DisplayFormat" isnull="true" iskey="true">
        <property name="FormatString">F</property>
        <property name="FormatType">Numeric</property>
      </property>
      <property name="MinWidth">20</property>
      <property name="MaxWidth">0</property>
      <property name="Summary" iskey="true" value="1">
        <property name="Item1" isnull="true" iskey="true">
          <property name="Tag" isnull="true" />
          <property name="FieldName">Sgst</property>
          <property name="SummaryType">Sum</property>
          <property name="Mode">AllRows</property>
          <property name="DisplayFormat">{0:F}</property>
        </property>
      </property>
    </property>
    <property name="Item19" isnull="true" iskey="true">
      <property name="Name">colCgstPer</property>
      <property name="ImageAlignment">Near</property>
      <property name="ImageIndex">-1</property>
      <property name="FieldName">CgstPer</property>
      <property name="ColumnEditName" />
      <property name="VisibleIndex">11</property>
      <property name="Visible">true</property>
      <property name="Width">75</property>
      <property name="MinWidth">20</property>
      <property name="MaxWidth">0</property>
    </property>
    <property name="Item20" isnull="true" iskey="true">
      <property name="Name">colCgst</property>
      <property name="ImageAlignment">Near</property>
      <property name="ImageIndex">-1</property>
      <property name="FieldName">Cgst</property>
      <property name="ColumnEditName" />
      <property name="VisibleIndex">12</property>
      <property name="Visible">true</property>
      <property name="Width">75</property>
      <property name="DisplayFormat" isnull="true" iskey="true">
        <property name="FormatString">F</property>
        <property name="FormatType">Numeric</property>
      </property>
      <property name="MinWidth">20</property>
      <property name="MaxWidth">0</property>
      <property name="Summary" iskey="true" value="1">
        <property name="Item1" isnull="true" iskey="true">
          <property name="Tag" isnull="true" />
          <property name="FieldName">Cgst</property>
          <property name="SummaryType">Sum</property>
          <property name="Mode">AllRows</property>
          <property name="DisplayFormat">{0:F}</property>
        </property>
      </property>
    </property>
    <property name="Item21" isnull="true" iskey="true">
      <property name="Name">colIgstPer</property>
      <property name="ImageAlignment">Near</property>
      <property name="ImageIndex">-1</property>
      <property name="FieldName">IgstPer</property>
      <property name="ColumnEditName" />
      <property name="Width">75</property>
      <property name="MinWidth">20</property>
      <property name="MaxWidth">0</property>
    </property>
    <property name="Item22" isnull="true" iskey="true">
      <property name="Name">colIgst</property>
      <property name="ImageAlignment">Near</property>
      <property name="ImageIndex">-1</property>
      <property name="FieldName">Igst</property>
      <property name="ColumnEditName" />
      <property name="Width">75</property>
      <property name="DisplayFormat" isnull="true" iskey="true">
        <property name="FormatString">F</property>
        <property name="FormatType">Numeric</property>
      </property>
      <property name="MinWidth">20</property>
      <property name="MaxWidth">0</property>
      <property name="Summary" iskey="true" value="1">
        <property name="Item1" isnull="true" iskey="true">
          <property name="Tag" isnull="true" />
          <property name="FieldName">Igst</property>
          <property name="SummaryType">Sum</property>
          <property name="Mode">AllRows</property>
          <property name="DisplayFormat">{0:F}</property>
        </property>
      </property>
    </property>
    <property name="Item23" isnull="true" iskey="true">
      <property name="Name">colCessPer</property>
      <property name="ImageAlignment">Near</property>
      <property name="ImageIndex">-1</property>
      <property name="FieldName">CessPer</property>
      <property name="ColumnEditName" />
      <property name="Width">75</property>
      <property name="MinWidth">20</property>
      <property name="MaxWidth">0</property>
    </property>
    <property name="Item24" isnull="true" iskey="true">
      <property name="Name">colCess</property>
      <property name="ImageAlignment">Near</property>
      <property name="ImageIndex">-1</property>
      <property name="FieldName">Cess</property>
      <property name="ColumnEditName" />
      <property name="Width">75</property>
      <property name="DisplayFormat" isnull="true" iskey="true">
        <property name="FormatString">F</property>
        <property name="FormatType">Numeric</property>
      </property>
      <property name="MinWidth">20</property>
      <property name="MaxWidth">0</property>
      <property name="Summary" iskey="true" value="1">
        <property name="Item1" isnull="true" iskey="true">
          <property name="Tag" isnull="true" />
          <property name="FieldName">Cess</property>
          <property name="SummaryType">Sum</property>
          <property name="Mode">AllRows</property>
          <property name="DisplayFormat">{0:F}</property>
        </property>
      </property>
    </property>
    <property name="Item25" isnull="true" iskey="true">
      <property name="Name">colNetTotal</property>
      <property name="OptionsColumn" isnull="true" iskey="true">
        <property name="AllowEdit">false</property>
        <property name="AllowFocus">false</property>
      </property>
      <property name="ImageAlignment">Near</property>
      <property name="ImageIndex">-1</property>
      <property name="FieldName">NetTotal</property>
      <property name="Fixed">Right</property>
      <property name="ColumnEditName" />
      <property name="VisibleIndex">15</property>
      <property name="Visible">true</property>
      <property name="Width">96</property>
      <property name="DisplayFormat" isnull="true" iskey="true">
        <property name="FormatString">F</property>
        <property name="FormatType">Numeric</property>
      </property>
      <property name="MinWidth">20</property>
      <property name="MaxWidth">0</property>
      <property name="Summary" iskey="true" value="1">
        <property name="Item1" isnull="true" iskey="true">
          <property name="Tag" isnull="true" />
          <property name="FieldName">NetTotal</property>
          <property name="SummaryType">Sum</property>
          <property name="Mode">AllRows</property>
          <property name="DisplayFormat">{0:F}</property>
        </property>
      </property>
    </property>
    <property name="Item26" isnull="true" iskey="true">
      <property name="Name">colRemark</property>
      <property name="Caption">Description</property>
      <property name="ImageAlignment">Near</property>
      <property name="ImageIndex">-1</property>
      <property name="FieldName">Remark</property>
      <property name="ColumnEditName" />
      <property name="VisibleIndex">0</property>
      <property name="Visible">true</property>
      <property name="Width">198</property>
      <property name="MinWidth">20</property>
      <property name="MaxWidth">0</property>
    </property>
    <property name="Item27" isnull="true" iskey="true">
      <property name="Name">colTdsAcId</property>
      <property name="OptionsColumn" isnull="true" iskey="true">
        <property name="AllowEdit">false</property>
        <property name="AllowFocus">false</property>
      </property>
      <property name="Caption">Tds Account</property>
      <property name="ImageAlignment">Near</property>
      <property name="ImageIndex">-1</property>
      <property name="FieldName">TdsAcId</property>
      <property name="ColumnEditName" />
      <property name="Width">175</property>
      <property name="MinWidth">20</property>
      <property name="MaxWidth">0</property>
    </property>
    <property name="Item28" isnull="true" iskey="true">
      <property name="Name">colTdsAmt</property>
      <property name="ImageAlignment">Near</property>
      <property name="ImageIndex">-1</property>
      <property name="FieldName">TdsAmt</property>
      <property name="ColumnEditName" />
      <property name="Width">80</property>
      <property name="MinWidth">20</property>
      <property name="MaxWidth">0</property>
      <property name="Summary" iskey="true" value="1">
        <property name="Item1" isnull="true" iskey="true">
          <property name="Tag" isnull="true" />
          <property name="FieldName">TdsAmt</property>
          <property name="SummaryType">Sum</property>
          <property name="Mode">AllRows</property>
          <property name="DisplayFormat">{0:F}</property>
        </property>
      </property>
    </property>
    <property name="Item29" isnull="true" iskey="true">
      <property name="Name">colTdsPer</property>
      <property name="Caption">Tds %</property>
      <property name="ImageAlignment">Near</property>
      <property name="ImageIndex">-1</property>
      <property name="FieldName">TdsPer</property>
      <property name="ColumnEditName" />
      <property name="Width">64</property>
      <property name="MinWidth">20</property>
      <property name="MaxWidth">0</property>
    </property>
  </property>
  <property name="ViewCaption" />
  <property name="BorderStyle">Default</property>
  <property name="SynchronizeClones">true</property>
  <property name="DetailTabHeaderLocation">Top</property>
  <property name="Name">gridView1</property>
  <property name="DetailHeight">350</property>
  <property name="Tag" isnull="true" />
  <property name="GroupSummary" iskey="true" value="0" />
  <property name="ActiveFilterString" />
  <property name="FormatConditions" iskey="true" value="0" />
  <property name="GroupSummarySortInfoState" />
  <property name="FindFilterText" />
  <property name="FindPanelVisible">false</property>
</XtraSerializer>